InChIKey,Octanol-water partition coefficient,Molecular weight,Number of rotatable bonds,HAcceptors,HDonor,valence Electron,Aromatic Proportion,logS
"1,1,1,2-Tetrachloroethane",2.5954000000000006,167.85,0.0,0.0,0.0,38.0,0.0,-2.18
"1,1,1-Trichloroethane",2.376500000000001,133.405,0.0,0.0,0.0,32.0,0.0,-2.0
"1,1,2,2-Tetrachloroethane",2.5938,167.85,1.0,0.0,0.0,38.0,0.0,-1.74
"1,1,2-Trichloroethane",2.0289,133.405,1.0,0.0,0.0,32.0,0.0,-1.48
"1,1,2-Trichlorotrifluoroethane",2.9189,187.37500000000003,1.0,0.0,0.0,50.0,0.0,-3.04
"1,1-Dichloroethane",1.81,98.96000000000001,0.0,0.0,0.0,26.0,0.0,-1.29
"1,1-Dichloroethylene",1.9352,96.94399999999999,0.0,0.0,0.0,24.0,0.0,-1.64
"1,1-Diethoxyethane ",1.4054,118.176,4.0,2.0,0.0,50.0,0.0,-0.43
"1,2,3,4-Tetrachlorobenzene",4.3002,215.894,0.0,0.0,0.0,54.0,0.6,-4.57
"1,2,3,4-Tetrahydronapthalene",2.5654000000000003,132.20599999999996,0.0,0.0,0.0,52.0,0.6,-4.37
"1,2,3,5-Tetrachlorobenzene",4.3002,215.894,0.0,0.0,0.0,54.0,0.6,-4.63
"1,2,3-Trichlorobenzene",3.6468000000000007,181.44899999999998,0.0,0.0,0.0,48.0,0.6666666666666666,-4.0
"1,2,3-Trimethylbenzene ",2.611860000000001,120.195,0.0,0.0,0.0,48.0,0.6666666666666666,-3.2
"1,2,4,5-Tetrabromobenzene",4.7366,393.69800000000004,0.0,0.0,0.0,54.0,0.6,-6.98
"1,2,4,5-Tetrachlorobenzene",4.3002,215.894,0.0,0.0,0.0,54.0,0.6,-5.56
"1,2,4,5-Tetramethylbenzene",2.9202800000000018,134.22199999999998,0.0,0.0,0.0,54.0,0.6,-4.59
"1,2,4-tribromobenzene",3.974100000000001,314.802,0.0,0.0,0.0,48.0,0.6666666666666666,-4.5
"1,2,4-Trichlorobenzene",3.6468000000000007,181.449,0.0,0.0,0.0,48.0,0.6666666666666666,-3.59
"1,2,4-Trimethylbenzene",2.611860000000001,120.195,0.0,0.0,0.0,48.0,0.6666666666666666,-3.31
"1,2-Benzenediol",1.0977999999999999,110.11199999999998,0.0,2.0,2.0,42.0,0.75,0.62
"1,2-Dibromobenzene",3.2116000000000007,235.90599999999998,0.0,0.0,0.0,42.0,0.75,-3.5
"1,2-Dibromoethane",1.7762,187.862,1.0,0.0,0.0,26.0,0.0,-1.68
"1,2-Dichlorobenzene",2.9934000000000003,147.00399999999996,0.0,0.0,0.0,42.0,0.75,-3.05
"1,2-Dichloroethane",1.464,98.96000000000001,1.0,0.0,0.0,26.0,0.0,-1.06
"1,2-Dichloropropane",1.8525,112.98700000000001,1.0,0.0,0.0,32.0,0.0,-1.6
"1,2-Dichlorotetrafluoroethane",2.6495999999999995,170.92000000000002,1.0,0.0,0.0,50.0,0.0,-2.74
"1,2-Diethoxyethane ",1.0594000000000001,118.176,5.0,2.0,0.0,50.0,0.0,-0.77
"1,2-Diethylbenzene",2.811400000000001,134.22199999999998,2.0,0.0,0.0,54.0,0.6,-3.28
"1,2-Dinitrobenzene",1.503,168.10799999999995,2.0,4.0,0.0,62.0,0.5,-3.1
"1,2-Propylene oxide",0.4051,58.08,0.0,1.0,0.0,24.0,0.0,-0.59
"1,3,5-Tribromobenzene",3.974100000000001,314.802,0.0,0.0,0.0,48.0,0.6666666666666666,-5.6
"1,3,5-Trichlorobenzene",3.6468000000000007,181.449,0.0,0.0,0.0,48.0,0.6666666666666666,-4.48
"1,3,5-Trimethylbenzene ",2.611860000000001,120.19499999999998,0.0,0.0,0.0,48.0,0.6666666666666666,-3.4
"1,3,5-Trinitrobenzene",1.4112,213.10499999999996,3.0,6.0,0.0,78.0,0.4,-2.89
"1,3-Benzenediol",1.0977999999999999,110.11199999999998,0.0,2.0,2.0,42.0,0.75,0.81
"1,3-Butadiene",1.3584,54.09199999999999,1.0,0.0,0.0,22.0,0.0,-1.87
"1,3-Dibromobenzene",3.2116000000000007,235.90599999999998,0.0,0.0,0.0,42.0,0.75,-3.54
"1,3-Dichlorobenzene",2.993400000000001,147.004,0.0,0.0,0.0,42.0,0.75,-3.04
"1,3-Dichloropropane",1.8540999999999999,112.98700000000001,2.0,0.0,0.0,32.0,0.0,-1.62
"1,3-diethylthiourea",0.49030000000000007,132.232,2.0,1.0,2.0,48.0,0.0,-1.46
"1,3-Difluorobenzene",1.9648,114.094,0.0,0.0,0.0,42.0,0.75,-2.0
"1,3-Dimethylnaphthalene",3.456640000000002,156.22799999999998,0.0,0.0,0.0,60.0,0.8333333333333334,-4.29
"1,3-Dinitrobenzene",1.503,168.10799999999995,2.0,4.0,0.0,62.0,0.5,-2.29
"1,4-Benzenediol",1.0977999999999999,110.11199999999998,0.0,2.0,2.0,42.0,0.75,-0.17
"1,4-Cyclohexadiene",1.8926,80.12999999999998,0.0,0.0,0.0,32.0,0.0,-2.06
"1,4-Dibromobenzene",3.2116000000000007,235.90599999999998,0.0,0.0,0.0,42.0,0.75,-4.07
"1,4-Dichlorobenzene",2.993400000000001,147.00400000000002,0.0,0.0,0.0,42.0,0.75,-3.27
"1,4-Diethylbenzene ",2.811400000000001,134.22199999999998,2.0,0.0,0.0,54.0,0.6,-3.75
"1,4-Difluorobenzene",1.9647999999999999,114.094,0.0,0.0,0.0,42.0,0.75,-1.97
"1,4-Dimethylnaphthalene ",3.456640000000002,156.228,0.0,0.0,0.0,60.0,0.8333333333333334,-4.14
"1,4-Dinitrobenzene",1.503,168.10799999999995,2.0,4.0,0.0,62.0,0.5,-3.39
"1,4-Pentadiene ",1.7485,68.119,2.0,0.0,0.0,28.0,0.0,-2.09
"1,5-Dimethlnapthalene",3.456640000000002,156.228,0.0,0.0,0.0,60.0,0.8333333333333334,-4.678999999999999
"1,5-Hexadiene ",2.1386000000000003,82.14599999999999,3.0,0.0,0.0,34.0,0.0,-2.68
"1,7-phenantroline",2.7830000000000004,180.20999999999998,0.0,2.0,0.0,66.0,1.0,-2.68
"1,8-Cineole",2.7441000000000013,154.253,0.0,1.0,0.0,64.0,0.0,-1.74
17a-Methyltestosterone,4.269300000000004,302.4580000000001,0.0,2.0,1.0,122.0,0.0,-3.9989999999999997
1-aminoacridine,2.970200000000001,194.23700000000002,0.0,2.0,1.0,72.0,0.9333333333333333,-4.22
1-Bromo-2-methylpropane,2.0373,137.01999999999998,1.0,0.0,0.0,32.0,0.0,-2.43
1-Bromobutane,2.1814,137.01999999999998,2.0,0.0,0.0,32.0,0.0,-2.37
1-Bromoheptane,3.351700000000002,179.101,5.0,0.0,0.0,50.0,0.0,-4.43
1-Bromohexane,2.9616000000000016,165.074,4.0,0.0,0.0,44.0,0.0,-3.81
1-Bromonapthalene,3.6023000000000014,207.07,0.0,0.0,0.0,54.0,0.9090909090909091,-4.35
1-Bromooctane,3.741800000000003,193.128,6.0,0.0,0.0,56.0,0.0,-5.06
1-Bromopentane,2.5715000000000012,151.047,3.0,0.0,0.0,38.0,0.0,-3.08
1-Bromopropane,1.7913000000000001,122.993,1.0,0.0,0.0,26.0,0.0,-1.73
1-Butanol,0.7787999999999999,74.12299999999999,2.0,1.0,1.0,32.0,0.0,0.0
1-Butene,1.5824,56.108,1.0,0.0,0.0,24.0,0.0,-1.94
1-Butyne,1.0295999999999998,54.09199999999999,0.0,0.0,0.0,22.0,0.0,-1.24
1-Chloro-2-bromoethane,1.6200999999999999,143.411,1.0,0.0,0.0,26.0,0.0,-1.32
1-Chloro-2-methylpropane,1.8812,92.569,1.0,0.0,0.0,32.0,0.0,-2.0
1-Chlorobutane,2.0253,92.56899999999999,2.0,0.0,0.0,32.0,0.0,-2.03
1-Chloroheptane,3.1956000000000016,134.65,5.0,0.0,0.0,50.0,0.0,-4.0
1-Chlorohexane,2.805500000000001,120.623,4.0,0.0,0.0,44.0,0.0,-3.12
1-Chloronapthalene,3.4932000000000016,162.61899999999997,0.0,0.0,0.0,54.0,0.9090909090909091,-3.93
1-Chloropentane,2.415400000000001,106.596,3.0,0.0,0.0,38.0,0.0,-2.73
1-Chloropropane,1.6352,78.542,1.0,0.0,0.0,26.0,0.0,-1.47
1-Decanol,3.119400000000002,158.285,8.0,1.0,1.0,68.0,0.0,-3.63
1-Decene,3.9230000000000036,140.26999999999998,7.0,0.0,0.0,60.0,0.0,-5.51
1-Dodecanol,3.8996000000000035,186.33899999999997,10.0,1.0,1.0,80.0,0.0,-4.8
1-Ethylnaphthalene ,3.4022000000000023,156.22799999999998,1.0,0.0,0.0,60.0,0.8333333333333334,-4.17
1-Heptanol,1.9491,116.204,5.0,1.0,1.0,50.0,0.0,-1.81
1-Heptene,2.752700000000001,98.189,4.0,0.0,0.0,42.0,0.0,-3.73
1-Heptyne,2.1999000000000004,96.17299999999999,3.0,0.0,0.0,40.0,0.0,-3.01
1-Hexadecanol,5.460000000000006,242.44699999999992,14.0,1.0,1.0,104.0,0.0,-7.0
1-Hexanol,1.559,102.17699999999999,4.0,1.0,1.0,44.0,0.0,-1.24
1-Hexene,2.3626000000000005,84.16199999999999,3.0,0.0,0.0,36.0,0.0,-3.23
1-Hexene-3-ol,1.3334,100.16099999999999,3.0,1.0,1.0,42.0,0.0,-0.59
1-Hexyne ,1.8098,82.14599999999999,2.0,0.0,0.0,34.0,0.0,-2.36
1-Iodobutane,2.2215,184.01999999999998,2.0,0.0,0.0,32.0,0.0,-2.96
1-Iodoheptane,3.3918000000000026,226.101,5.0,0.0,0.0,50.0,0.0,-4.81
1-Iodonapthalene,3.4444000000000017,254.07000000000002,0.0,0.0,0.0,54.0,0.9090909090909091,-4.55
1-Iodopropane,1.8314,169.993,1.0,0.0,0.0,26.0,0.0,-2.29
1-Methylcyclohexene ,2.5067000000000004,96.17300000000002,0.0,0.0,0.0,40.0,0.0,-3.27
1-Methylfluorene,3.566220000000002,180.25000000000003,0.0,0.0,0.0,68.0,0.8571428571428571,-5.22
1-Methylnaphthalene,3.148220000000002,142.201,0.0,0.0,0.0,54.0,0.9090909090909091,-3.7
1-Methylphenanthrene,4.301420000000003,192.261,0.0,0.0,0.0,72.0,0.9333333333333333,-5.85
1-methyluracil,-0.9264000000000001,126.115,0.0,3.0,1.0,48.0,0.6666666666666666,-0.807
1-Napthol,2.5454000000000008,144.17299999999997,0.0,1.0,1.0,54.0,0.9090909090909091,-2.22
1-Napthylamine,2.4220000000000006,143.189,0.0,1.0,1.0,54.0,0.9090909090909091,-1.92
1-Nitronapthalene,2.748000000000001,173.171,1.0,2.0,0.0,64.0,0.7692307692307693,-3.54
1-Nitropropane,0.6731,89.09399999999998,2.0,2.0,0.0,36.0,0.0,-0.8
1-Nonanol,2.7293000000000016,144.258,7.0,1.0,1.0,62.0,0.0,-3.01
1-Nonene ,3.5329000000000024,126.243,6.0,0.0,0.0,54.0,0.0,-5.05
1-Nonyne ,2.980100000000002,124.22699999999999,5.0,0.0,0.0,52.0,0.0,-4.24
1-Octadecanol,6.240200000000008,270.50099999999986,16.0,1.0,1.0,116.0,0.0,-8.4
1-Octanol,2.3392000000000013,130.23100000000002,6.0,1.0,1.0,56.0,0.0,-2.39
1-Octene ,3.142800000000002,112.216,5.0,0.0,0.0,48.0,0.0,-4.44
1-Octyne ,2.5900000000000007,110.19999999999999,4.0,0.0,0.0,46.0,0.0,-3.66
1-Pentadecanol,5.069900000000006,228.41999999999993,13.0,1.0,1.0,98.0,0.0,-6.35
1-Pentanol,1.1689,88.14999999999999,3.0,1.0,1.0,38.0,0.0,-0.6
1-Pentene ,1.9725,70.135,2.0,0.0,0.0,30.0,0.0,-2.68
1-Pentyne,1.4197,68.11899999999999,1.0,0.0,0.0,28.0,0.0,-1.64
1-Phenylethanol,1.7399,122.16699999999996,1.0,1.0,1.0,48.0,0.6666666666666666,-0.92
1-Propanol,0.3887,60.096,1.0,1.0,1.0,26.0,0.0,0.62
1-Tetradecanol,4.679800000000005,214.39299999999994,12.0,1.0,1.0,92.0,0.0,-5.84
"2,2',3,3',4,4',5,5',6,6'-PCB",9.887599999999999,498.66200000000026,1.0,0.0,0.0,118.0,0.5454545454545454,-11.6
"2,2',3,3',4,4',5,5'-PCB",8.580799999999998,429.77200000000016,1.0,0.0,0.0,106.0,0.6,-9.16
"2,2',3,3',4,4'-PCB",7.274000000000001,360.88200000000006,1.0,0.0,0.0,94.0,0.6666666666666666,-8.01
"2,2',3,3',5,5',6,6'-PCB",8.580799999999998,429.77200000000016,1.0,0.0,0.0,106.0,0.6,-9.15
"2,2',3,3',5,6-PCB",7.274000000000001,360.88200000000006,1.0,0.0,0.0,94.0,0.6666666666666666,-8.6
"2,2',3,3'-PCB",5.967200000000002,291.99199999999996,1.0,0.0,0.0,82.0,0.75,-7.28
"2,2',3,4,4',5',6-PCB",7.9274000000000004,395.3270000000001,1.0,0.0,0.0,100.0,0.631578947368421,-7.92
"2,2',3,4,5,5',6-PCB",7.9274000000000004,395.3270000000001,1.0,0.0,0.0,100.0,0.631578947368421,-8.94
"2,2',3,4,5,5'-PCB",7.274000000000001,360.88200000000006,1.0,0.0,0.0,94.0,0.6666666666666666,-7.68
"2,2',3,4,5-PCB",6.620600000000001,326.437,1.0,0.0,0.0,88.0,0.7058823529411765,-7.21
"2,2',3,4,6-PCB",6.620600000000001,326.437,1.0,0.0,0.0,88.0,0.7058823529411765,-7.43
"2,2',3,5,5',6-PCB",7.274000000000001,360.88200000000006,1.0,0.0,0.0,94.0,0.6666666666666666,-7.42
"2,2',3,5'-PCB",5.967200000000002,291.9920000000001,1.0,0.0,0.0,82.0,0.75,-6.47
"2,2,3-Trimethylbutane",2.6885000000000012,100.20499999999998,0.0,0.0,0.0,44.0,0.0,-4.36
"2,2',4,4',5,5'-PCB",7.274000000000001,360.88200000000006,1.0,0.0,0.0,94.0,0.6666666666666666,-8.56
"2,2',4,4',6,6'-PCB",7.274000000000001,360.88200000000006,1.0,0.0,0.0,94.0,0.6666666666666666,-8.71
"2,2',4,5'-PCB",5.967200000000002,291.99199999999996,1.0,0.0,0.0,82.0,0.75,-6.57
"2,2,4,6,6'-PCB",6.620600000000001,326.437,1.0,0.0,0.0,88.0,0.7058823529411765,-7.32
"2,2,4-Trimethylpentane",3.0786000000000016,114.23199999999999,1.0,0.0,0.0,50.0,0.0,-4.74
"2,2,5-Trimethylhexane",3.468700000000003,128.259,2.0,0.0,0.0,56.0,0.0,-5.05
"2,2',6,6'-PCB",5.967200000000002,291.99199999999996,1.0,0.0,0.0,82.0,0.75,-7.39
"2,2-Dimethyl-1-butanol",1.4149,102.17699999999998,2.0,1.0,1.0,44.0,0.0,-1.04
"2,2-Dimethylbutane",2.442500000000001,86.17799999999998,0.0,0.0,0.0,38.0,0.0,-3.55
"2,2-Dimethylpentane",2.832600000000001,100.20499999999998,1.0,0.0,0.0,44.0,0.0,-4.36
"2,2-Dimethylpentanol",1.8050000000000002,116.20399999999998,3.0,1.0,1.0,50.0,0.0,-1.52
"2,2-Dimethylpropanol",1.0248,88.14999999999999,0.0,1.0,1.0,38.0,0.0,-0.4
"2,2'-PCB",4.660400000000002,223.102,1.0,0.0,0.0,70.0,0.8571428571428571,-5.27
"2,3,3',4,4',5-PCB",7.274,360.88200000000006,1.0,0.0,0.0,94.0,0.6666666666666666,-7.82
"2,3,3',4,4'6-PCB",7.9274000000000004,395.3270000000001,1.0,0.0,0.0,100.0,0.631578947368421,-7.66
"2,3',4,4',5-PCB",7.274000000000001,360.88200000000006,1.0,0.0,0.0,94.0,0.6666666666666666,-7.39
"2,3',4,4'-PCB",6.620600000000001,326.437,1.0,0.0,0.0,88.0,0.7058823529411765,-7.8
"2,3,4,5,6-PCB",6.620600000000001,326.437,1.0,0.0,0.0,88.0,0.7058823529411765,-7.92
"2,3',4',5-PCB",5.967200000000002,291.992,1.0,0.0,0.0,82.0,0.75,-7.25
"2,3,4,5-Tetrachlorophenol",4.0058,231.893,0.0,1.0,1.0,60.0,0.5454545454545454,-3.15
"2,3,4,6-Tetrachlorophenol",4.005799999999999,231.89299999999997,0.0,1.0,1.0,60.0,0.5454545454545454,-3.1
"2',3,4-PCB",5.313800000000001,257.547,1.0,0.0,0.0,76.0,0.8,-6.29
"2,3,4'-PCB",5.313800000000001,257.547,1.0,0.0,0.0,76.0,0.8,-6.26
"2,3,4-Trichlorophenol",3.3524000000000003,197.448,0.0,1.0,1.0,54.0,0.6,-2.67
"2,3,4-Trimethylpentane",2.9345000000000017,114.23199999999999,2.0,0.0,0.0,50.0,0.0,-4.8
"2,3,5,6-Tetrachlorophenol",4.0058,231.893,0.0,1.0,1.0,60.0,0.5454545454545454,-3.37
"2,3',5-PCB",5.313800000000001,257.547,1.0,0.0,0.0,76.0,0.8,-6.01
"2,3,5-Trichlorophenol",3.3523999999999994,197.44799999999998,0.0,1.0,1.0,54.0,0.6,-2.67
"2,3,6-Trichlorophenol",3.3523999999999994,197.44799999999998,0.0,1.0,1.0,54.0,0.6,-2.64
"2,3-Dichloronitrobenzene",2.901600000000001,192.00100000000003,1.0,2.0,0.0,58.0,0.5454545454545454,-3.48
"2,3-Dichlorophenol",2.699,163.003,0.0,1.0,1.0,48.0,0.6666666666666666,-1.3
"2,3-Dimethyl-1,3-Butadiene",2.1386000000000003,82.146,1.0,0.0,0.0,34.0,0.0,-2.4
"2,3-Dimethylbutane",2.2984,86.178,1.0,0.0,0.0,38.0,0.0,-3.65
"2,3-Dimethylnaphthalene",3.456640000000002,156.22799999999998,0.0,0.0,0.0,60.0,0.8333333333333334,-4.72
"2,3-Dimethylpentane",2.6885000000000012,100.20499999999998,2.0,0.0,0.0,44.0,0.0,-4.28
"2,3-Dimethylpyridine",1.69844,107.156,0.0,1.0,0.0,42.0,0.75,0.38
"2,4,5-PCB",5.313800000000001,257.547,1.0,0.0,0.0,76.0,0.8,-6.27
"2,4',5-PCB",5.313800000000001,257.547,1.0,0.0,0.0,76.0,0.8,-6.25
"2,4,5-Trichlorophenol ",3.3524000000000003,197.448,0.0,1.0,1.0,54.0,0.6,-2.21
"2,4,6-PCB",5.313800000000001,257.547,1.0,0.0,0.0,76.0,0.8,-6.14
"2,4,6-Trichlorophenol",3.3523999999999994,197.44799999999998,0.0,1.0,1.0,54.0,0.6,-2.34
"2,4,6-Trimethylphenol",2.3174600000000005,136.194,0.0,1.0,1.0,54.0,0.6,-2.05
"2,4,6-Trinitrotoluene",1.7196200000000006,227.13199999999998,3.0,6.0,0.0,84.0,0.375,-3.22
"2,4-Dichlorophenol ",2.699,163.003,0.0,1.0,1.0,48.0,0.6666666666666666,-1.55
"2,4-Dimethyl-2-pentanol ",1.8034,116.20399999999998,2.0,1.0,1.0,50.0,0.0,-0.92
"2,4-Dimethyl-3-pentanol",1.6593,116.20399999999998,2.0,1.0,1.0,50.0,0.0,-1.22
"2,4-Dimethyl-3-pentanone",1.8675,114.18799999999997,2.0,1.0,0.0,48.0,0.0,-1.3
"2,4-Dimethylpentane",2.6885000000000012,100.20499999999998,2.0,0.0,0.0,44.0,0.0,-4.26
"2,4-Dimethylphenol",2.0090399999999997,122.16699999999999,0.0,1.0,1.0,48.0,0.6666666666666666,-1.19
"2,4-Dimethylpyridine",1.69844,107.15599999999999,0.0,1.0,0.0,42.0,0.75,0.38
"2,4-Dinitrotoluene",1.8114200000000005,182.135,2.0,4.0,0.0,68.0,0.46153846153846156,-2.82
"2,4'-PCB",4.660400000000002,223.102,1.0,0.0,0.0,70.0,0.8571428571428571,-5.28
"2,4-PCB",4.660400000000002,223.102,1.0,0.0,0.0,70.0,0.8571428571428571,-5.25
"2,6-Dichlorophenol",2.699,163.003,0.0,1.0,1.0,48.0,0.6666666666666666,-1.79
"2,6-Dimethylnaphthalene ",3.456640000000002,156.228,0.0,0.0,0.0,60.0,0.8333333333333334,-4.89
"2,6-Dimethylphenol",2.00904,122.16699999999999,0.0,1.0,1.0,48.0,0.6666666666666666,-1.29
"2,6-Dimethylpyridine",1.69844,107.156,0.0,1.0,0.0,42.0,0.75,0.45
"2,6-Dinitrotoluene",1.8114200000000005,182.135,2.0,4.0,0.0,68.0,0.46153846153846156,-3.0
"2,6-PCB",4.660400000000003,223.102,1.0,0.0,0.0,70.0,0.8571428571428571,-5.21
"2,7-dimethylquinoline",2.8516400000000006,157.216,0.0,1.0,0.0,60.0,0.8333333333333334,-1.94
2-aminoanthracene,3.5752000000000015,193.249,0.0,1.0,1.0,72.0,0.9333333333333333,-5.17
2-bromonaphthalene,3.6023000000000014,207.07000000000002,0.0,0.0,0.0,54.0,0.9090909090909091,-4.4
2-Bromonapthalene,3.6023000000000014,207.07,0.0,0.0,0.0,54.0,0.9090909090909091,-4.4
2-Bromopropane,1.7897,122.993,0.0,0.0,0.0,26.0,0.0,-1.59
2-Bromotoluene,2.7575200000000013,171.03699999999998,0.0,0.0,0.0,42.0,0.75,-2.23
2-Butanone,0.9854,72.107,1.0,1.0,0.0,30.0,0.0,0.52
2-butenal,0.7614000000000001,70.09100000000001,1.0,1.0,0.0,28.0,0.0,0.32
2-Butoxyethanol,0.7953999999999999,118.17599999999999,5.0,2.0,1.0,50.0,0.0,-0.42
2-Chloro-2-methylbutane,2.4138,106.59599999999999,1.0,0.0,0.0,38.0,0.0,-2.51
2-Chloroanisole,2.3486000000000002,142.58499999999998,1.0,1.0,0.0,48.0,0.6666666666666666,-2.46
2-Chlorobiphenyl,4.007000000000002,188.657,1.0,0.0,0.0,64.0,0.9230769230769231,-4.54
2-Chlorobutane,2.0237,92.569,1.0,0.0,0.0,32.0,0.0,-1.96
2-Chloronapthalene,3.4932000000000016,162.61899999999997,0.0,0.0,0.0,54.0,0.9090909090909091,-4.14
2-Chlorophenol,2.0456000000000003,128.558,0.0,1.0,1.0,42.0,0.75,-1.06
2-Chloropropane,1.6336,78.542,0.0,0.0,0.0,26.0,0.0,-1.41
2-Chlorotoluene,2.6484200000000007,126.586,0.0,0.0,0.0,42.0,0.75,-3.52
2-cyanoguanidine,-1.2591199999999998,84.082,0.0,2.0,2.0,32.0,0.0,-0.31
2-Decanone,3.3260000000000023,156.269,7.0,1.0,0.0,66.0,0.0,-3.3
2-Ethyl pyridine,1.644,107.15599999999998,1.0,1.0,0.0,42.0,0.75,0.51
2-Ethyl-1-butanol,1.4149,102.17699999999999,3.0,1.0,1.0,44.0,0.0,-1.17
2-Ethyl-1-hexanol,2.1951000000000005,130.231,5.0,1.0,1.0,56.0,0.0,-2.11
2-Ethyl-2-hexanal,2.3218000000000005,126.19899999999998,4.0,1.0,0.0,52.0,0.0,-2.46
2-Ethylbutanal,1.6215,100.16099999999999,3.0,1.0,0.0,42.0,0.0,-1.52
2-Ethylhexanal,2.401700000000001,128.21499999999997,5.0,1.0,0.0,54.0,0.0,-2.13
2-Ethylnaphthalene,3.4022000000000014,156.22799999999998,1.0,0.0,0.0,60.0,0.8333333333333334,-4.29
2-Ethyltoluene,2.5574200000000005,120.19499999999996,1.0,0.0,0.0,48.0,0.6666666666666666,-3.21
2-Heptanol ,1.9475000000000002,116.20399999999998,4.0,1.0,1.0,50.0,0.0,-1.55
2-Heptanone,2.1557000000000004,114.18799999999999,4.0,1.0,0.0,48.0,0.0,-1.45
2-Hexanol,1.5574,102.17699999999998,3.0,1.0,1.0,44.0,0.0,-0.89
2-Hexanone,1.7656,100.16099999999999,3.0,1.0,0.0,42.0,0.0,-0.8
2-hydroxypteridine,0.1253999999999998,148.125,0.0,5.0,1.0,54.0,0.9090909090909091,-1.9469999999999998
2-Hydroxypyridine,0.7871999999999999,95.101,0.0,2.0,1.0,36.0,0.8571428571428571,1.02
2-Iodopropane,1.8298,169.993,0.0,0.0,0.0,26.0,0.0,-2.09
2-Isopropyltoluene,3.118420000000002,134.22199999999995,1.0,0.0,0.0,54.0,0.6,-3.76
2-methoxypteridine,0.42839999999999984,162.152,1.0,5.0,0.0,60.0,0.8333333333333334,-1.11
2-Methy-2-Butene,1.9725,70.13499999999999,0.0,0.0,0.0,30.0,0.0,-2.56
"2-Methyl-1,3-Butadiene ",1.7485,68.11900000000001,1.0,0.0,0.0,28.0,0.0,-2.03
2-Methyl-1-Butene,1.9725,70.13499999999999,1.0,0.0,0.0,30.0,0.0,-2.73
2-Methyl-1-Pentene,2.3626000000000005,84.16199999999999,2.0,0.0,0.0,36.0,0.0,-3.03
2-Methyl-2-heptanol,2.3376000000000006,130.231,4.0,1.0,1.0,56.0,0.0,-1.72
2-Methyl-2-hexanol,1.9475000000000002,116.20399999999998,3.0,1.0,1.0,50.0,0.0,-1.08
2-Methyl-2-pentanol,1.5574,102.17699999999998,2.0,1.0,1.0,44.0,0.0,-0.49
2-Methyl-3-pentanol,1.4133,102.17699999999999,2.0,1.0,1.0,44.0,0.0,-0.7
2-Methylanthracene,4.301420000000002,192.261,0.0,0.0,0.0,72.0,0.9333333333333333,-6.96
2-Methylbutan-2-ol,1.1673,88.14999999999998,1.0,1.0,1.0,38.0,0.0,0.15
2-Methylbutane,2.0524,72.151,1.0,0.0,0.0,32.0,0.0,-3.18
2-Methylbutanol,1.0248,88.14999999999999,2.0,1.0,1.0,38.0,0.0,-0.47
2-Methylheptane,3.2227000000000023,114.23199999999999,4.0,0.0,0.0,50.0,0.0,-5.08
2-Methylnapthalene,3.148220000000001,142.201,0.0,0.0,0.0,54.0,0.9090909090909091,-3.77
2-Methylpentane,2.442500000000001,86.178,2.0,0.0,0.0,38.0,0.0,-3.74
2-Methylpentanol,1.4149,102.17699999999999,3.0,1.0,1.0,44.0,0.0,-1.11
2-Methylphenanthrene,4.301420000000003,192.261,0.0,0.0,0.0,72.0,0.9333333333333333,-5.84
2-Methylphenol,1.70062,108.13999999999999,0.0,1.0,1.0,42.0,0.75,-0.62
2-Methylpropan-1-ol,0.6347,74.12299999999999,1.0,1.0,1.0,32.0,0.0,0.1
2-Methylpropane,1.6622999999999999,58.123999999999995,0.0,0.0,0.0,26.0,0.0,-2.55
2-Methylpropene,1.5824,56.108000000000004,0.0,0.0,0.0,24.0,0.0,-2.33
2-methylpteridine,0.7282199999999999,146.153,0.0,4.0,0.0,54.0,0.9090909090909091,-0.12
2-Methyltetrahydrofurane,1.1853,86.134,0.0,1.0,0.0,36.0,0.0,0.11
2-Napthol,2.5454,144.17299999999997,0.0,1.0,1.0,54.0,0.9090909090909091,-2.28
2-Nitropropane,0.6715,89.094,1.0,2.0,0.0,36.0,0.0,-0.62
2-Nonanol,2.727700000000002,144.258,6.0,1.0,1.0,62.0,0.0,-2.74
2-Nonanone,2.935900000000001,142.242,6.0,1.0,0.0,60.0,0.0,-2.58
2-Octanol,2.3376000000000006,130.231,5.0,1.0,1.0,56.0,0.0,-2.09
2-Octanone,2.5458000000000007,128.21499999999997,5.0,1.0,0.0,54.0,0.0,-2.05
2-Pentanol,1.1673,88.14999999999999,2.0,1.0,1.0,38.0,0.0,-0.29
2-Pentanone,1.3755,86.13399999999999,2.0,1.0,0.0,36.0,0.0,-0.19
2-Phenoxyethanol,1.0576999999999999,138.16599999999997,3.0,2.0,1.0,54.0,0.6,-0.7
2-Propanol,0.38710000000000006,60.096000000000004,0.0,1.0,1.0,26.0,0.0,0.43
2-pyrrolidone,-0.10360000000000008,85.10600000000001,0.0,1.0,1.0,34.0,0.0,1.07
2-Undecanol,3.5079000000000025,172.312,8.0,1.0,1.0,74.0,0.0,-2.94
"3,3-Dimethyl-1-butanol",1.4149,102.17699999999999,1.0,1.0,1.0,44.0,0.0,-0.5
"3,3-Dimethyl-2-butanol",1.4133,102.17699999999999,0.0,1.0,1.0,44.0,0.0,-0.62
"3,3-Dimethyl-2-butanone",1.6215,100.16099999999999,0.0,1.0,0.0,42.0,0.0,-0.72
"3,3-Dimethylpentane",2.832600000000001,100.20499999999998,2.0,0.0,0.0,44.0,0.0,-4.23
"3,4-Dichloronitrobenzene",2.901600000000001,192.001,1.0,2.0,0.0,58.0,0.5454545454545454,-3.2
"3,4-Dichlorophenol",2.6990000000000007,163.00300000000001,0.0,1.0,1.0,48.0,0.6666666666666666,-1.25
"3,4-Dimethylphenol",2.0090399999999997,122.16699999999999,0.0,1.0,1.0,48.0,0.6666666666666666,-1.38
"3,4-Dimethylpyridine",1.69844,107.15599999999999,0.0,1.0,0.0,42.0,0.75,0.36
"3,4-PCB",4.660400000000002,223.102,1.0,0.0,0.0,70.0,0.8571428571428571,-6.39
"3,5-Dichlorophenol",2.699,163.003,0.0,1.0,1.0,48.0,0.6666666666666666,-1.34
"3,5-Dimethylphenol",2.0090399999999997,122.16699999999997,0.0,1.0,1.0,48.0,0.6666666666666666,-1.4
"3,5-Dimethylpyridine",1.69844,107.15599999999998,0.0,1.0,0.0,42.0,0.75,0.38
3-Butanoyloxymethylphenytoin,2.782800000000001,352.39000000000004,6.0,4.0,1.0,134.0,0.46153846153846156,-5.071000000000001
3-Chloroanisole,2.3486000000000002,142.58499999999998,1.0,1.0,0.0,48.0,0.6666666666666666,-2.78
3-Chlorobiphenyl,4.007000000000002,188.657,1.0,0.0,0.0,64.0,0.9230769230769231,-4.88
3-Chlorophenol,2.0456,128.558,0.0,1.0,1.0,42.0,0.75,-0.7
3-chloropropionitrile,1.1388800000000001,89.525,1.0,1.0,0.0,28.0,0.0,-0.29
3-Ethanoyloxymethylphenytoin,2.0025999999999993,324.33600000000007,4.0,4.0,1.0,122.0,0.5,-4.47
3-Ethyl-3-pentanol,1.9475,116.204,3.0,1.0,1.0,50.0,0.0,-0.85
3-Heptanol ,1.9475,116.20399999999998,4.0,1.0,1.0,50.0,0.0,-1.47
3-Heptanoyloxymethylphenytoin,3.9531000000000027,394.471,9.0,4.0,1.0,152.0,0.41379310344827586,-6.301
3-Hexanol,1.5574,102.17699999999999,3.0,1.0,1.0,44.0,0.0,-0.8
3-Hexanone,1.7656,100.16099999999999,3.0,1.0,0.0,42.0,0.0,-0.83
3-Hexanoyloxymethylphenyltoin,3.5630000000000024,380.444,8.0,4.0,1.0,146.0,0.42857142857142855,-5.886
3-Hexyne,1.8098,82.14599999999999,0.0,0.0,0.0,34.0,0.0,-1.99
3-Methyl-1-Butene,1.8284,70.135,1.0,0.0,0.0,30.0,0.0,-2.73
3-Methyl-2-butanol,1.0231999999999999,88.14999999999999,1.0,1.0,1.0,38.0,0.0,-0.18
3-Methyl-2-butanone,1.2314,86.13399999999999,1.0,1.0,0.0,36.0,0.0,-0.12
3-Methyl-2-pentanol,1.4149,102.17699999999999,3.0,1.0,1.0,44.0,0.0,-0.72
3-Methyl-2-pentanol,1.4149,102.17699999999999,3.0,1.0,1.0,44.0,0.0,-0.71
3-Methyl-2-pentanone,1.6215,100.16099999999999,2.0,1.0,0.0,42.0,0.0,-0.67
3-Methyl-3-heptanol,2.3376,130.23099999999997,4.0,1.0,1.0,56.0,0.0,-1.6
3-Methyl-3-hexanol,1.9475,116.20399999999998,3.0,1.0,1.0,50.0,0.0,-0.98
3-Methyl-3-pentanol,1.5574,102.17699999999998,2.0,1.0,1.0,44.0,0.0,-0.36
3-Methylbutan-1-ol,1.0248,88.14999999999999,2.0,1.0,1.0,38.0,0.0,-0.51
3-Methylcholanthrene,5.553220000000004,268.3589999999999,0.0,0.0,0.0,100.0,0.8571428571428571,-7.92
3-Methylheptane,3.2227000000000023,114.23199999999999,4.0,0.0,0.0,50.0,0.0,-5.16
3-methylindole,2.4763200000000003,131.17799999999997,0.0,0.0,1.0,50.0,0.9,-2.42
3-Methylpentane,2.442500000000001,86.178,2.0,0.0,0.0,38.0,0.0,-3.68
3-Methylphenol,1.7006199999999998,108.13999999999999,0.0,1.0,1.0,42.0,0.75,-0.68
3-Octanol,2.3376,130.23099999999997,5.0,1.0,1.0,56.0,0.0,-1.98
3-Octanoyloxymethylphenytoin,4.343200000000004,408.498,10.0,4.0,1.0,158.0,0.4,-6.523
3-Pentanol,1.1673,88.15,2.0,1.0,1.0,38.0,0.0,-0.24
3-Pentanone,1.3755,86.134,2.0,1.0,0.0,36.0,0.0,-0.28
3-Pentanoyloxymethylphenytoin,3.172900000000002,366.41700000000003,7.0,4.0,1.0,140.0,0.4444444444444444,-4.678
3-Propanoyloxymethylphenytoin,2.3927000000000005,338.36300000000006,5.0,4.0,1.0,128.0,0.48,-4.907
"4,4'-PCB",4.660400000000002,223.102,1.0,0.0,0.0,70.0,0.8571428571428571,-6.56
4-Bromophenol,2.1547,173.00900000000001,0.0,1.0,1.0,42.0,0.75,-1.09
4-Bromotoluene,2.7575200000000013,171.03700000000003,0.0,0.0,0.0,42.0,0.75,-3.19
4-Chloroanisole,2.3486000000000002,142.585,1.0,1.0,0.0,48.0,0.6666666666666666,-2.78
4-Chlorophenol ,2.0456,128.558,0.0,1.0,1.0,42.0,0.75,-0.7
4-Chlorotoluene,2.6484200000000007,126.586,0.0,0.0,0.0,42.0,0.75,-3.08
4-Ethyltoluene,2.5574200000000005,120.19499999999996,1.0,0.0,0.0,48.0,0.6666666666666666,-3.11
4-Heptanol,1.9475,116.204,4.0,1.0,1.0,50.0,0.0,-1.4
4-Heptanone,2.1557000000000004,114.18799999999999,4.0,1.0,0.0,48.0,0.0,-1.3
4-hexylresorcinol,3.220600000000001,194.27399999999992,5.0,2.0,2.0,78.0,0.42857142857142855,-2.59
4-hydroxypyridine,0.7871999999999999,95.10099999999998,0.0,2.0,1.0,36.0,0.8571428571428571,1.02
4-Isopropyltoluene,3.118420000000002,134.22199999999998,1.0,0.0,0.0,54.0,0.6,-3.77
4-methoxypteridine,0.4283999999999998,162.15200000000002,1.0,5.0,0.0,60.0,0.8333333333333334,-1.11
4-Methyl-2-pentanol,1.4133,102.17699999999998,2.0,1.0,1.0,44.0,0.0,-0.8
4-Methyl-2-pentanone,1.6215,100.16099999999999,2.0,1.0,0.0,42.0,0.0,-0.74
4-Methylbiphenyl,3.662020000000002,168.239,1.0,0.0,0.0,64.0,0.9230769230769231,-4.62
4-Methylpentanol,1.4149,102.17699999999999,3.0,1.0,1.0,44.0,0.0,-1.14
4-methylpteridine,0.7282199999999999,146.15299999999996,0.0,4.0,0.0,54.0,0.9090909090909091,-0.466
4-Nitroacetanilide,1.5531999999999997,180.16299999999998,2.0,3.0,1.0,68.0,0.46153846153846156,-2.6919999999999997
4-Pentene-1-ol,0.9449,86.134,3.0,1.0,1.0,36.0,0.0,-0.15
5-(3-Methyl-2-butenyl)-5-ethylbarbital,1.1050999999999993,224.25999999999996,3.0,3.0,2.0,88.0,0.0,-2.253
5-(3-Methyl-2-butenyl)-5-isoPrbarbital,1.3510999999999993,238.28699999999998,3.0,3.0,2.0,94.0,0.0,-2.593
"5,5-Diallylbarbital",0.49099999999999966,208.21699999999996,4.0,3.0,2.0,80.0,0.0,-2.077
"5,5-Diisopropylbarbital",0.6507999999999994,212.249,2.0,3.0,2.0,84.0,0.0,-2.766
"5,5-Dimethylbarbituric acid",-0.6214000000000004,156.141,0.0,3.0,2.0,60.0,0.0,-1.742
"5,6,7,8-tetrahydro-2-naphthol",2.271,148.205,0.0,1.0,1.0,58.0,0.5454545454545454,-1.99
"5,6-Dimethylchrysene",5.763040000000004,256.348,0.0,0.0,0.0,96.0,0.9,-7.01
5-Allyl-5-ethylbarbital,0.3248999999999995,196.20599999999996,3.0,3.0,2.0,76.0,0.0,-1.614
5-Allyl-5-isopropylbarbital,0.5708999999999995,210.23299999999998,3.0,3.0,2.0,82.0,0.0,-1.7080000000000002
5-Allyl-5-methylbarbital,-0.06520000000000037,182.17899999999997,2.0,3.0,2.0,70.0,0.0,-1.16
5-Allyl-5-phenylbarbital,0.8664999999999998,244.25,3.0,3.0,2.0,92.0,0.3333333333333333,-2.369
5-Ethyl-5-(3-methylbutyl)barbital,1.1849999999999992,226.27599999999995,4.0,3.0,2.0,90.0,0.0,-2.658
5-Ethyl-5-isopropylbarbituric acid,0.4047999999999994,198.22199999999998,2.0,3.0,2.0,78.0,0.0,-2.148
5-Ethyl-5-phenylbarbital,0.7003999999999997,232.239,2.0,3.0,2.0,88.0,0.35294117647058826,-2.322
5-fluorouracil,-0.7977000000000001,130.078,0.0,2.0,2.0,48.0,0.6666666666666666,-1.077
5-hydroxyquinoline,1.9404,145.161,0.0,2.0,1.0,54.0,0.9090909090909091,-2.54
5-Methyl-5-ethylbarbituric acid,-0.2313000000000005,170.16799999999998,1.0,3.0,2.0,66.0,0.0,-1.228
5-Methylchrysene,5.454620000000004,242.321,0.0,0.0,0.0,90.0,0.9473684210526315,-6.59
5-methylcytosine,-0.33948000000000017,125.13099999999999,0.0,3.0,2.0,48.0,0.6666666666666666,-1.4580000000000002
5-Nonanone,2.935900000000001,142.242,6.0,1.0,0.0,60.0,0.0,-2.58
6-aminochrysene,4.728400000000002,243.309,0.0,1.0,1.0,90.0,0.9473684210526315,-6.2
6-hydroxyquinoline,1.9403999999999997,145.161,0.0,2.0,1.0,54.0,0.9090909090909091,-2.16
6-methoxypteridine,0.42839999999999984,162.15200000000002,1.0,5.0,0.0,60.0,0.8333333333333334,-1.139
6-Methylchrysene,5.454620000000004,242.321,0.0,0.0,0.0,90.0,0.9473684210526315,-6.57
"7,12-Dimethylbenz(a)anthracene",5.763040000000005,256.348,0.0,0.0,0.0,96.0,0.9,-7.02
7-methoxypteridine,0.42839999999999984,162.152,1.0,5.0,0.0,60.0,0.8333333333333334,-0.91
7-methylpteridine,0.7282199999999998,146.153,0.0,4.0,0.0,54.0,0.9090909090909091,-0.8540000000000001
8-quinolinol,1.9403999999999995,145.16099999999997,0.0,2.0,1.0,54.0,0.9090909090909091,-2.42
"9,10-Dimethylanthracene",4.609840000000004,206.28799999999998,0.0,0.0,0.0,78.0,0.875,-6.57
9-anthrol,3.6986000000000017,194.23299999999998,0.0,1.0,1.0,72.0,0.9333333333333333,-4.73
9-Methylanthracene,4.301420000000003,192.261,0.0,0.0,0.0,72.0,0.9333333333333333,-5.89
Abate,5.630000000000004,466.47900000000016,10.0,9.0,0.0,148.0,0.4444444444444444,-6.237
Acenapthene,2.9384000000000015,154.21199999999996,0.0,0.0,0.0,58.0,0.8333333333333334,-4.63
Acenapthylene,3.3236000000000017,152.19599999999994,0.0,0.0,0.0,56.0,0.8333333333333334,-3.96
Acephate,1.24,183.16899999999998,3.0,4.0,1.0,60.0,0.0,0.54
Acetamide,-0.5084,59.068,0.0,1.0,1.0,24.0,0.0,1.58
Acetanilide,1.6449999999999998,135.16599999999997,1.0,1.0,1.0,52.0,0.6,-1.33
acetazolamide,-0.8561000000000003,222.251,2.0,6.0,2.0,72.0,0.38461538461538464,-2.36
Acetonitrile,0.52988,41.053,0.0,1.0,0.0,16.0,0.0,0.26
Acetophenone,1.8892,120.15099999999995,1.0,1.0,0.0,46.0,0.6666666666666666,-1.28
acetyl sulfisoxazole,1.9493400000000003,293.34800000000007,3.0,5.0,1.0,106.0,0.55,-3.59
Acridine,3.3880000000000017,179.22199999999998,0.0,1.0,0.0,66.0,1.0,-3.67
Acrolein,0.37129999999999996,56.064,1.0,1.0,0.0,22.0,0.0,0.57
Acrylonitrile,0.6959799999999999,53.06399999999999,0.0,1.0,0.0,20.0,0.0,0.15
adenine,-0.0648999999999999,135.13,0.0,4.0,2.0,50.0,0.9,-2.12
adrenosterone,3.2664000000000017,300.3980000000001,0.0,3.0,0.0,118.0,0.0,-3.48
alachlor,2.9871000000000016,269.77199999999993,6.0,2.0,0.0,100.0,0.3333333333333333,-3.26
aldosterone,1.8457,360.45000000000005,3.0,5.0,2.0,142.0,0.0,-3.85
Aldrin,5.270200000000002,364.914,0.0,0.0,0.0,98.0,0.0,-6.307
allantoin,-2.1798,158.117,1.0,3.0,4.0,60.0,0.0,-1.6
allicin,1.7553,162.27899999999997,5.0,2.0,0.0,52.0,0.0,-0.83
allopurinol,-0.35380000000000006,136.114,0.0,3.0,2.0,50.0,0.9,-2.266
alloxan,-2.0785,142.07,0.0,4.0,2.0,52.0,0.0,-1.25
alloxantin,-4.819399999999998,286.156,1.0,8.0,6.0,106.0,0.0,-1.99
Altretamine,0.0696000000000001,210.285,3.0,6.0,0.0,84.0,0.4,-3.364
Ametryn,1.8455999999999997,227.337,5.0,6.0,2.0,84.0,0.4,-3.04
Amigdalin,-3.1080199999999985,457.4320000000001,7.0,12.0,7.0,178.0,0.1875,-0.77
Aminocarb,1.77922,208.26099999999997,2.0,3.0,1.0,82.0,0.4,-2.36
aminopyrine,1.55042,231.299,2.0,4.0,0.0,90.0,0.6470588235294118,-0.364
aminothiazole,0.7253000000000001,100.14599999999999,0.0,3.0,1.0,32.0,0.8333333333333334,-0.36
Amitraz,4.871880000000004,293.41400000000004,4.0,2.0,0.0,114.0,0.5454545454545454,-5.47
Amitrole,-0.6131000000000002,84.082,0.0,3.0,2.0,32.0,0.8333333333333334,0.522
Amobarbital,1.1849999999999998,226.27599999999998,4.0,3.0,2.0,90.0,0.0,-2.468
ampyrone,1.0666200000000003,203.245,1.0,4.0,1.0,78.0,0.7333333333333333,-0.624
Ancymidol,2.1311,256.30499999999995,4.0,4.0,1.0,98.0,0.631578947368421,-2.596
Androstenedione,4.087400000000003,286.415,0.0,2.0,0.0,114.0,0.0,-3.69
Androsterone,3.959100000000003,290.447,0.0,2.0,1.0,118.0,0.0,-4.402
Anethole,2.728300000000001,148.20499999999998,2.0,1.0,0.0,58.0,0.5454545454545454,-3.13
Aniline ,1.2688000000000001,93.12899999999999,0.0,1.0,1.0,36.0,0.8571428571428571,-0.41
Anilofos,4.331900000000004,367.86,7.0,5.0,0.0,118.0,0.2857142857142857,-4.4319999999999995
Anisole,1.6952,108.13999999999997,1.0,1.0,0.0,42.0,0.75,-1.85
Anthracene,3.993000000000002,178.23399999999995,0.0,0.0,0.0,66.0,1.0,-6.35
Anthraquinone,2.4620000000000006,208.21599999999998,0.0,2.0,0.0,76.0,0.75,-5.19
Antipyrene,1.4844199999999999,188.23000000000002,1.0,3.0,0.0,72.0,0.7857142857142857,0.715
Apazone,2.0642199999999997,300.3620000000001,2.0,4.0,0.0,116.0,0.2727272727272727,-3.5380000000000003
"Atovaquone(0,430mg/ml) - neutral",5.505100000000005,366.84400000000016,2.0,3.0,1.0,132.0,0.46153846153846156,-5.931
Atratone,1.1322999999999996,211.26899999999998,5.0,6.0,2.0,84.0,0.4,-2.084
Atrazine,1.7770999999999997,215.68800000000002,4.0,5.0,2.0,78.0,0.42857142857142855,-3.85
Azintamide,2.0904999999999996,259.762,5.0,4.0,0.0,88.0,0.375,-1.716
Azobenzene,4.102000000000002,182.226,2.0,2.0,0.0,68.0,0.8571428571428571,-4.45
Azodrin,1.0536999999999999,223.16499999999996,5.0,5.0,1.0,82.0,0.0,0.6509999999999999
Barban,3.130700000000001,258.104,2.0,2.0,1.0,84.0,0.375,-4.37
Barbital,0.15879999999999939,184.19499999999996,2.0,3.0,2.0,72.0,0.0,-2.4
Bendroflumethiazide,1.6254,421.4220000000001,3.0,5.0,3.0,146.0,0.4444444444444444,-3.59
Benfluralin,4.148200000000004,335.28200000000004,7.0,5.0,0.0,128.0,0.2608695652173913,-5.53
Benfuracarb,4.057500000000004,410.53600000000023,8.0,7.0,0.0,156.0,0.21428571428571427,-4.71
benodanil,3.5435000000000016,323.133,2.0,1.0,1.0,80.0,0.75,-4.21
Benomyl,2.572400000000001,290.323,4.0,5.0,2.0,112.0,0.42857142857142855,-4.883
Bensulide,3.7726000000000024,397.52400000000006,10.0,6.0,1.0,132.0,0.2608695652173913,-4.2
Benzaldehyde,1.4990999999999999,106.12399999999997,1.0,1.0,0.0,40.0,0.75,-1.19
Benzamide,0.7855000000000001,121.13899999999995,1.0,1.0,1.0,46.0,0.6666666666666666,-0.96
Benzene ,1.6866,78.11399999999999,0.0,0.0,0.0,30.0,1.0,-1.64
benzhydrol,2.768300000000001,184.238,2.0,1.0,1.0,70.0,0.8571428571428571,-2.55
Benznidazole,1.1077,260.253,5.0,5.0,1.0,98.0,0.5789473684210527,-2.81
Benzo(a)fluorene,4.411000000000003,216.283,0.0,0.0,0.0,80.0,0.9411764705882353,-6.68
Benzo(a)pyrene,5.737200000000003,252.31599999999997,0.0,0.0,0.0,92.0,1.0,-8.699
Benzo(b)fluoranthene,5.640400000000003,252.31599999999997,0.0,0.0,0.0,92.0,1.0,-8.23
Benzo(b)fluorene,4.411000000000002,216.283,0.0,0.0,0.0,80.0,0.9411764705882353,-8.04
Benzo(e)pyrene,5.737200000000003,252.31599999999997,0.0,0.0,0.0,92.0,1.0,-7.8
Benzo(j)fluoranthene,5.640400000000003,252.31599999999997,0.0,0.0,0.0,92.0,1.0,-8.0
Benzo(k)fluoranthene,5.640400000000003,252.31599999999997,0.0,0.0,0.0,92.0,1.0,-8.49
Benzo[ghi]perylene,6.3282000000000025,276.338,0.0,0.0,0.0,100.0,1.0,-9.017999999999999
Benzocaine,1.4455,165.19199999999998,2.0,3.0,1.0,64.0,0.5,-2.616
benzoin,2.602900000000001,212.248,3.0,2.0,1.0,80.0,0.75,-2.85
Benzonitrile,1.5582799999999999,103.12399999999997,0.0,1.0,0.0,38.0,0.75,-1.0
Benzophenone,2.917600000000001,182.222,2.0,1.0,0.0,68.0,0.8571428571428571,-3.12
benzothiazole,2.2962999999999996,135.191,0.0,2.0,0.0,44.0,1.0,-1.5
Benzotriazole,0.9578999999999998,119.127,0.0,2.0,1.0,44.0,1.0,-0.78
Benzoxazole,1.8277999999999999,119.12299999999998,0.0,2.0,0.0,44.0,1.0,-1.16
Benzylchloride,2.4254000000000007,126.58599999999996,1.0,0.0,0.0,42.0,0.75,-2.39
Benzyltrifluoride,2.705400000000001,146.111,0.0,0.0,0.0,54.0,0.6,-2.51
benzylurea,0.8548999999999998,150.18099999999998,2.0,1.0,2.0,58.0,0.5454545454545454,-0.95
Betamethasone-17-valerate,3.636800000000003,476.5850000000002,6.0,6.0,2.0,188.0,0.0,-4.71
Bibenzyl ,3.4718000000000018,182.266,3.0,0.0,0.0,70.0,0.8571428571428571,-4.62
Biphenyl,3.353600000000002,154.21199999999996,1.0,0.0,0.0,58.0,1.0,-4.345
biquinoline,4.450000000000003,256.308,1.0,2.0,0.0,94.0,1.0,-5.4
borneol,2.1935000000000002,154.253,0.0,1.0,1.0,64.0,0.0,-2.32
Bromacil,1.5785200000000001,261.11899999999997,2.0,3.0,1.0,78.0,0.42857142857142855,-2.523
bromadiolone,7.183700000000006,527.4140000000002,6.0,4.0,2.0,174.0,0.8,-4.445
Bromobenzene,2.4491000000000005,157.01,0.0,0.0,0.0,36.0,0.8571428571428571,-2.55
Bromochloromethane,1.5776,129.384,0.0,0.0,0.0,20.0,0.0,-0.89
Bromodichloromethane,2.1425,163.82899999999998,0.0,0.0,0.0,26.0,0.0,-1.54
Bromoethane,1.4012,108.966,0.0,0.0,0.0,20.0,0.0,-1.09
Bromomethane,1.0110999999999999,94.939,0.0,0.0,0.0,14.0,0.0,-0.79
Bromophos,4.652000000000002,366.0,4.0,4.0,0.0,90.0,0.375,-6.09
bromopropylate,4.3991000000000025,428.12000000000006,4.0,3.0,1.0,116.0,0.5454545454545454,-4.93
bromoxynil,2.78888,276.91499999999996,0.0,2.0,1.0,56.0,0.5454545454545454,-3.33
brompyrazone,1.5771999999999997,266.098,1.0,4.0,1.0,76.0,0.8,-3.127
bupirimate,1.74462,316.4270000000001,8.0,6.0,1.0,120.0,0.2857142857142857,-4.16
Butabarbital,0.7948999999999993,212.24899999999997,3.0,3.0,2.0,84.0,0.0,-2.39
butacarb,3.999800000000003,263.381,1.0,2.0,1.0,106.0,0.3157894736842105,-4.24
butachlor,4.1574000000000035,311.85300000000007,9.0,2.0,0.0,118.0,0.2857142857142857,-4.19
butallylonal,1.6836,303.156,4.0,3.0,2.0,94.0,0.0,-2.647
Butamben,2.2257,193.24599999999998,4.0,3.0,1.0,76.0,0.42857142857142855,-3.082
Butan-2-ol,0.7771999999999999,74.12299999999999,1.0,1.0,1.0,32.0,0.0,0.47
Butane,1.8064,58.123999999999995,1.0,0.0,0.0,26.0,0.0,-2.57
Butanethiol ,1.7163,90.19099999999999,2.0,1.0,1.0,32.0,0.0,-2.18
Butethal,0.9389999999999998,212.249,4.0,3.0,2.0,84.0,0.0,-1.661
Buthidazole,1.0257999999999998,256.33099999999996,1.0,5.0,1.0,94.0,0.29411764705882354,-1.8769999999999998
Buturon,2.825400000000001,236.702,2.0,1.0,1.0,84.0,0.375,-3.9
Butyl acetate,0.9595,102.13299999999998,4.0,2.0,0.0,42.0,0.0,-1.37
Butylate,3.4735000000000023,217.378,5.0,2.0,0.0,84.0,0.0,-3.68
Butylbenzene,3.0292000000000012,134.22199999999998,3.0,0.0,0.0,54.0,0.6,-4.06
Butyraldehyde,0.9854,72.107,2.0,1.0,0.0,30.0,0.0,-0.01
Caffeine,-1.0293,194.19399999999996,0.0,6.0,0.0,74.0,0.6428571428571429,-0.8759999999999999
Camphor,2.401700000000001,152.237,0.0,1.0,0.0,62.0,0.0,-1.96
Caproaldehyde,1.7656,100.16099999999999,4.0,1.0,0.0,42.0,0.0,-1.3
captafol,3.520900000000001,349.06600000000014,3.0,3.0,0.0,100.0,0.0,-5.4
Carbanilide,3.3306000000000013,212.25199999999998,2.0,1.0,2.0,80.0,0.75,-3.15
Carbaryl,2.5580000000000007,201.225,1.0,2.0,1.0,76.0,0.6666666666666666,-3.2239999999999998
Carbazole,3.3211000000000013,167.21099999999998,0.0,0.0,1.0,62.0,1.0,-5.27
Carbetamide,1.7597,236.271,4.0,3.0,2.0,92.0,0.35294117647058826,-1.83
Carbofuran,2.1183,221.25599999999994,1.0,3.0,1.0,86.0,0.375,-2.8
Carbophenthion,5.420300000000004,342.875,8.0,5.0,0.0,102.0,0.3333333333333333,-5.736000000000001
Carboxin,2.620000000000001,235.30800000000002,2.0,3.0,1.0,84.0,0.375,-3.14
Carbromal,1.1349999999999998,237.09699999999998,3.0,2.0,2.0,70.0,0.0,-2.68
Carvacrol,2.824020000000001,150.22099999999998,1.0,1.0,1.0,60.0,0.5454545454545454,-2.08
Carvone,2.4879000000000007,150.22099999999998,1.0,1.0,0.0,60.0,0.0,-2.06
chloralose,-0.46289999999999937,309.529,2.0,6.0,3.0,100.0,0.0,-1.84
Chloramphenicol,0.909,323.13200000000006,6.0,5.0,3.0,110.0,0.3,-2.1109999999999998
Chlorazine,2.2173999999999996,257.76899999999995,6.0,5.0,0.0,96.0,0.35294117647058826,-4.4110000000000005
Chlorbromuron,3.127600000000002,293.548,2.0,2.0,1.0,82.0,0.4,-3.924
Chlorbufam,2.9102000000000006,223.659,2.0,2.0,1.0,78.0,0.4,-2.617
Chlordane,5.682800000000001,409.7819999999999,0.0,0.0,0.0,102.0,0.0,-6.86
Chlordene,5.024200000000001,338.876,0.0,0.0,0.0,88.0,0.0,-5.64
chlordimeform,2.8698200000000007,196.68099999999998,2.0,1.0,0.0,70.0,0.46153846153846156,-2.86
Chlorimuron-ethyl (ph 7),1.1715999999999998,414.82700000000017,8.0,8.0,1.0,144.0,0.4444444444444444,-4.5760000000000005
chloroacetamide,-0.2895000000000001,93.513,1.0,1.0,1.0,30.0,0.0,-0.02
Chloroacetonitrile,0.74878,75.498,0.0,1.0,0.0,22.0,0.0,-0.092
Chlorobenzene,2.34,112.55899999999997,0.0,0.0,0.0,36.0,0.8571428571428571,-2.38
Chlorodibromethane,2.2986000000000004,208.28,0.0,0.0,0.0,26.0,0.0,-1.9
Chloroethane,1.2451,64.515,0.0,0.0,0.0,20.0,0.0,-1.06
Chloroethylene,1.3687,62.499,0.0,0.0,0.0,18.0,0.0,-1.75
Chloropham,3.2969000000000017,213.66400000000002,2.0,2.0,1.0,76.0,0.42857142857142855,-3.38
Chloropicrin,1.5908000000000002,164.375,0.0,2.0,0.0,42.0,0.0,-2.0
chloropropylate,4.180900000000003,339.21800000000013,4.0,3.0,1.0,116.0,0.5454545454545454,-4.53
Chlorothalonil,4.043559999999999,265.914,0.0,2.0,0.0,70.0,0.42857142857142855,-5.64
chlorothiazide,-0.06089999999999923,295.72900000000004,1.0,5.0,2.0,92.0,0.35294117647058826,-3.05
Chlorotoluron,2.7419200000000012,212.67999999999998,1.0,1.0,1.0,76.0,0.42857142857142855,-3.46
Chloroxuron,4.225800000000003,290.75,3.0,2.0,1.0,104.0,0.6,-4.89
chlorpyrifos,4.718100000000002,350.591,6.0,5.0,0.0,102.0,0.3333333333333333,-5.67
chlorquinox,4.2434,267.93,0.0,2.0,0.0,72.0,0.7142857142857143,-5.43
Chlorthalidone,0.9242000000000007,338.7720000000001,2.0,4.0,3.0,114.0,0.5454545454545454,-3.451
Chlortoluron,2.7419200000000012,212.67999999999998,1.0,1.0,1.0,76.0,0.42857142857142855,-3.483
Chlorzoxazone,1.7744999999999997,169.567,0.0,2.0,1.0,56.0,0.8181818181818182,-2.8310000000000004
Cholanthrene,5.244800000000004,254.33199999999997,0.0,0.0,0.0,94.0,0.9,-7.85
Chrysene,5.146200000000003,228.29399999999998,0.0,0.0,0.0,84.0,1.0,-8.057
"cis 1,2-Dichloroethylene",1.9352,96.94400000000002,0.0,0.0,0.0,24.0,0.0,-1.3
"cis-1,2-Dimethylcyclohexane",2.832600000000001,112.216,0.0,0.0,0.0,48.0,0.0,-4.3
cis-2-Pentene,1.9725,70.135,1.0,0.0,0.0,30.0,0.0,-2.54
citral,2.878000000000001,152.237,4.0,1.0,0.0,62.0,0.0,-2.06
Clomazone,2.6400000000000006,239.702,2.0,2.0,0.0,86.0,0.375,-2.338
Clonazepam,3.037700000000001,315.716,2.0,4.0,1.0,110.0,0.5454545454545454,-3.4989999999999997
Coronene,6.919200000000002,300.36000000000007,0.0,0.0,0.0,108.0,1.0,-9.332
Corticosterone,2.666700000000002,346.46700000000016,2.0,4.0,2.0,138.0,0.0,-3.24
Cortisone,1.9898000000000002,360.45000000000016,2.0,5.0,2.0,142.0,0.0,-3.11
cortisone acetate,2.560600000000001,402.48700000000025,3.0,6.0,1.0,158.0,0.0,-4.21
Coumachlor,4.263000000000003,342.7780000000001,4.0,4.0,1.0,122.0,0.6666666666666666,-5.8389999999999995
Coumaphos,4.4311200000000035,362.77100000000013,6.0,6.0,0.0,120.0,0.45454545454545453,-5.382000000000001
Coumatetralyl,3.9668000000000028,292.33400000000006,1.0,3.0,1.0,110.0,0.7272727272727273,-2.84
Cyanazine,1.6708799999999997,240.698,4.0,6.0,2.0,86.0,0.375,-3.15
cycloate,3.5141000000000027,215.36199999999994,3.0,2.0,0.0,82.0,0.0,-3.4
cyclobarbital,1.2491999999999999,236.27099999999993,2.0,3.0,2.0,92.0,0.0,-2.17
Cyclobutyl-5-spirobarbituric acid,-0.4773,168.15200000000002,0.0,3.0,2.0,64.0,0.0,-1.655
Cycloheptane,2.7307000000000015,98.18900000000001,0.0,0.0,0.0,42.0,0.0,-3.51
Cycloheptanol,1.7015,114.188,0.0,1.0,1.0,48.0,0.0,-0.88
Cycloheptene,2.5067000000000004,96.173,0.0,0.0,0.0,40.0,0.0,-3.18
Cycloheptyl-5-spirobarbituric acid,0.6929999999999998,210.23299999999998,0.0,3.0,2.0,82.0,0.0,-3.168
Cyclohexane,2.3406000000000002,84.162,0.0,0.0,0.0,36.0,0.0,-3.1
Cyclohexanol ,1.3114,100.161,0.0,1.0,1.0,42.0,0.0,-0.44
Cyclohexanone,1.5196,98.14500000000001,0.0,1.0,0.0,40.0,0.0,-0.6
Cyclohexene,2.1166,82.146,0.0,0.0,0.0,34.0,0.0,-2.59
cycloheximide,1.0414999999999999,281.35200000000003,3.0,4.0,2.0,112.0,0.0,-1.13
Cyclohexyl-5-spirobarbituric acid,0.3029,196.206,0.0,3.0,2.0,76.0,0.0,-3.06
Cyclooctane,3.120800000000002,112.21600000000001,0.0,0.0,0.0,48.0,0.0,-4.15
Cyclooctanol,2.0915999999999997,128.215,0.0,1.0,1.0,54.0,0.0,-1.29
Cyclooctyl-5-spirobarbituric acid,1.0831,224.25999999999996,0.0,3.0,2.0,88.0,0.0,-2.9819999999999998
Cyclopentane ,1.9505000000000001,70.135,0.0,0.0,0.0,30.0,0.0,-2.64
Cyclopentene ,1.7265,68.11900000000001,0.0,0.0,0.0,28.0,0.0,-2.1
Cyclopentyl-5-spirobarbituric acid,-0.08720000000000011,182.179,0.0,3.0,2.0,70.0,0.0,-2.349
Cyclopropyl-5-spirobarbituric acid,-0.8674000000000002,154.125,0.0,3.0,2.0,58.0,0.0,-1.886
Cycluron,2.3705,198.30999999999992,1.0,1.0,1.0,82.0,0.0,-2.218
Cyfluthrin,6.317080000000003,434.29400000000015,6.0,4.0,0.0,150.0,0.41379310344827586,-7.337000000000001
Cyhalothrin,6.543980000000005,449.8560000000001,6.0,4.0,0.0,162.0,0.3870967741935484,-8.176
Cypermethrin,6.177980000000004,416.30400000000014,6.0,4.0,0.0,144.0,0.42857142857142855,-8.017000000000001
cytosine,-0.6479000000000001,111.104,0.0,3.0,2.0,42.0,0.75,-1.155
Danazol,4.221000000000004,337.4630000000001,0.0,3.0,1.0,132.0,0.2,-5.507000000000001
Dapsone,1.6838000000000002,248.307,2.0,4.0,2.0,88.0,0.7058823529411765,-3.094
DDD,5.929000000000003,320.04600000000005,3.0,0.0,0.0,94.0,0.6666666666666666,-7.2
DDE,6.187900000000003,318.0300000000001,2.0,0.0,0.0,92.0,0.6666666666666666,-6.9
DDT,6.495500000000002,354.491,2.0,0.0,0.0,100.0,0.631578947368421,-7.15
Decalin,3.3668000000000022,138.254,0.0,0.0,0.0,58.0,0.0,-5.19
DEF,6.694400000000005,314.5220000000001,12.0,4.0,0.0,104.0,0.0,-5.14
Deltamethrin,6.490180000000005,505.20600000000024,6.0,4.0,0.0,144.0,0.42857142857142855,-8.402000000000001
Deoxycorticosterone,3.695900000000003,330.4680000000001,2.0,3.0,1.0,132.0,0.0,-3.45
deoxycorticosterone acetate,4.266700000000004,372.5050000000002,3.0,4.0,0.0,148.0,0.0,-4.63
Desmedipham,3.8659000000000017,300.314,4.0,4.0,2.0,114.0,0.5454545454545454,-4.632
Dexamethasone,1.8957000000000002,392.4670000000002,2.0,5.0,3.0,154.0,0.0,-3.59
dexamethasone acetate,2.466500000000001,434.5040000000003,3.0,6.0,2.0,170.0,0.0,-4.9
D-fenchone,2.401700000000001,152.237,0.0,1.0,0.0,62.0,0.0,-1.85
Di(2-ethylhexyl)-phthalate,6.433000000000007,390.5640000000003,14.0,4.0,0.0,158.0,0.21428571428571427,-6.96
Dialifor,3.878200000000003,393.85400000000016,8.0,6.0,0.0,126.0,0.2608695652173913,-6.34
Dialifos,3.878200000000003,393.85400000000016,8.0,6.0,0.0,126.0,0.2608695652173913,-6.34
Diallate,4.277400000000004,270.225,4.0,2.0,0.0,88.0,0.0,-4.2860000000000005
Diazepam,3.153800000000002,284.74600000000004,1.0,2.0,0.0,100.0,0.6,-3.7539999999999996
Diazinon,3.5847200000000026,304.35200000000003,7.0,6.0,0.0,108.0,0.3157894736842105,-3.64
Dibenzofurane,3.586000000000002,168.195,0.0,1.0,0.0,62.0,1.0,-4.6
Dibenzothiophene,4.054500000000002,184.263,0.0,1.0,0.0,62.0,1.0,-4.38
Dibromomethane,1.7337,173.83499999999998,0.0,0.0,0.0,20.0,0.0,-1.17
Dibutyl ether ,2.603200000000001,130.231,6.0,1.0,0.0,56.0,0.0,-1.85
dibutyl sebacate,4.7938000000000045,314.46600000000007,15.0,4.0,0.0,130.0,0.0,-3.8960000000000004
dibutylphthalate,3.600400000000003,278.348,8.0,4.0,0.0,110.0,0.3,-4.4
Dicapthon,3.144300000000002,297.656,5.0,6.0,0.0,94.0,0.35294117647058826,-4.31
Dichloromethane,1.4215,84.93299999999999,0.0,0.0,0.0,20.0,0.0,-0.63
Dichlorophen,3.9954000000000023,269.127,2.0,2.0,2.0,88.0,0.7058823529411765,-3.9530000000000003
Dicofol,5.599500000000002,370.49,2.0,1.0,1.0,106.0,0.6,-5.666
Dieldrin,4.481400000000002,380.913,0.0,1.0,0.0,104.0,0.0,-6.29
Dienestrol,4.604600000000004,266.34,3.0,2.0,2.0,102.0,0.6,-4.95
Dienochlor,7.725599999999999,474.64,1.0,0.0,0.0,110.0,0.0,-7.278
Diethyl ether ,1.0428000000000002,74.123,2.0,1.0,0.0,32.0,0.0,-0.09
Diethyl phthalate ,2.04,222.23999999999995,4.0,4.0,0.0,86.0,0.375,-2.35
Diethyl sulfide,1.7593999999999999,90.191,2.0,1.0,0.0,32.0,0.0,-1.34
Diethyldisulfide,2.4076000000000004,122.258,3.0,2.0,0.0,38.0,0.0,-2.42
diethylstilbestrol,4.828600000000005,268.356,4.0,2.0,2.0,104.0,0.6,-4.07
Difenoxuron,3.581000000000002,286.331,4.0,3.0,1.0,110.0,0.5714285714285714,-4.16
difluron,3.5801000000000016,310.687,2.0,2.0,2.0,108.0,0.5714285714285714,-6.02
Digitoxin,3.247300000000002,764.9499999999999,7.0,13.0,5.0,306.0,0.0,-5.292999999999999
"Digoxin (L1=41,8mg/mL, L2=68,2mg/mL, Z=40,1mg/mL)",2.2181000000000015,780.9490000000001,7.0,14.0,6.0,312.0,0.0,-4.081
Dihexyl phthalate,5.160800000000005,334.45600000000024,12.0,4.0,0.0,134.0,0.25,-6.144
Diiodomethane,1.8139,267.835,0.0,0.0,0.0,20.0,0.0,-2.34
diisooctyl phthalate,6.433000000000008,390.5640000000002,14.0,4.0,0.0,158.0,0.21428571428571427,-6.6370000000000005
Diisopropyl ether ,1.8197999999999999,102.17699999999999,2.0,1.0,0.0,44.0,0.0,-1.1
Diisopropylsulfide,2.5364000000000004,118.24499999999999,2.0,1.0,0.0,44.0,0.0,-2.24
Dimecron,2.3950000000000005,299.6909999999999,8.0,5.0,0.0,106.0,0.0,0.523
Dimefuron,2.8699000000000012,338.79500000000013,2.0,5.0,1.0,124.0,0.4782608695652174,-4.328
dimetan,1.9576,211.26099999999994,1.0,3.0,0.0,84.0,0.0,-0.85
dimethirimol,1.89922,209.29299999999998,4.0,4.0,1.0,84.0,0.4,-2.24
Dimethoxymethane,0.23670000000000002,76.095,2.0,2.0,0.0,32.0,0.0,0.48
Dimethyl phthalate,1.2597999999999998,194.18599999999995,2.0,4.0,0.0,74.0,0.42857142857142855,-1.66
Dimethyl sulfide,0.9792,62.137,0.0,1.0,0.0,20.0,0.0,-0.45
Dimethyldisulfide,1.6274,94.20400000000001,1.0,2.0,0.0,26.0,0.0,-1.44
Dinitramine,2.9502000000000006,322.243,5.0,6.0,1.0,122.0,0.2727272727272727,-5.47
Dinoseb,2.7221000000000024,240.21499999999995,4.0,5.0,1.0,92.0,0.35294117647058826,-3.38
d-inositol,-3.8346000000000005,180.156,0.0,6.0,6.0,72.0,0.0,0.35
Di-n-propylsulfide,2.539600000000001,118.24499999999999,4.0,1.0,0.0,44.0,0.0,-2.58
dioctyl phthalate,6.721200000000008,390.56400000000036,16.0,4.0,0.0,158.0,0.21428571428571427,-5.115
Diosgenin,5.508800000000006,414.63000000000017,0.0,3.0,1.0,168.0,0.0,-7.32
Dioxacarb,1.4502,223.22799999999995,2.0,4.0,1.0,86.0,0.375,-1.57
diphenamid,2.9067000000000016,239.318,3.0,1.0,0.0,92.0,0.6666666666666666,-2.98
Diphenyl ether ,3.478900000000002,170.211,2.0,1.0,0.0,64.0,0.9230769230769231,-3.96
Diphenylamine,3.430200000000002,169.227,2.0,1.0,1.0,64.0,0.9230769230769231,-3.5039999999999996
Diphenylmethane,3.277400000000002,168.239,2.0,0.0,0.0,64.0,0.9230769230769231,-4.08
Dipropyl ether,1.823,102.17699999999999,4.0,1.0,0.0,44.0,0.0,-1.62
Disulfiram,3.6212000000000026,296.5520000000001,4.0,4.0,0.0,94.0,0.0,-4.86
Disulfoton,3.7702000000000027,274.413,9.0,5.0,0.0,86.0,0.0,-4.23
Ditalimfos,2.5801000000000007,299.28800000000007,5.0,5.0,0.0,102.0,0.3157894736842105,-3.35
Diuron,3.0869000000000018,233.09799999999998,1.0,1.0,1.0,76.0,0.42857142857142855,-3.8
d-Limonene,3.308900000000002,136.238,1.0,0.0,0.0,56.0,0.0,-4.26
DNOC,1.5170200000000003,198.134,2.0,5.0,1.0,74.0,0.42857142857142855,-1.456
Dulcin,1.5758999999999999,180.20699999999997,3.0,2.0,2.0,70.0,0.46153846153846156,-2.17
Dyphylline,-2.2130999999999985,254.24599999999995,3.0,8.0,2.0,98.0,0.5,-0.17
Eicosane,8.048000000000007,282.5559999999999,17.0,0.0,0.0,122.0,0.0,-8.172
Endrin,4.481400000000002,380.913,0.0,1.0,0.0,104.0,0.0,-6.18
Epiandrosterone,3.959100000000003,290.447,0.0,2.0,1.0,118.0,0.0,-4.16
Epitostanol,4.483900000000005,306.51500000000004,0.0,2.0,1.0,118.0,0.0,-5.41
Equilenin,3.9444000000000026,266.34,0.0,2.0,1.0,102.0,0.5,-5.24
Equilin,3.7375000000000025,268.356,0.0,2.0,1.0,104.0,0.3,-5.282
Eriodictyol,2.2155000000000005,288.255,1.0,6.0,4.0,108.0,0.5714285714285714,-3.62
Erythritol,-2.3071999999999995,122.11999999999999,3.0,4.0,4.0,50.0,0.0,0.7
Estradiol,3.6092000000000026,272.388,0.0,2.0,2.0,108.0,0.3,-5.03
Estragole,2.4237,148.205,3.0,1.0,0.0,58.0,0.5454545454545454,-2.92
estriol,2.5800000000000005,288.387,0.0,3.0,3.0,114.0,0.2857142857142857,-4.955
Estrone,3.817400000000003,270.372,0.0,2.0,1.0,106.0,0.3,-3.955
Ethalfluralin,3.9242000000000035,333.266,6.0,5.0,0.0,126.0,0.2608695652173913,-6.124
Ethane,1.0262,30.07,0.0,0.0,0.0,14.0,0.0,-1.36
Ethanethiol,0.9360999999999999,62.137,0.0,1.0,1.0,20.0,0.0,-0.6
Ethanol,-0.0014000000000000123,46.069,0.0,1.0,1.0,20.0,0.0,1.1
Ethinyl estradiol,3.6126000000000023,296.41,0.0,2.0,2.0,116.0,0.2727272727272727,-4.3
ethiofencarb,2.6579000000000006,225.313,4.0,3.0,1.0,82.0,0.4,-2.09
Ethion,5.005300000000004,384.4870000000002,12.0,8.0,0.0,116.0,0.0,-5.54
Ethirimol,1.85272,209.29299999999998,5.0,3.0,2.0,84.0,0.4,-3.028
Ethisterone,3.8826000000000027,312.45300000000003,0.0,2.0,1.0,124.0,0.0,-5.66
Ethofumesate,2.0576,286.34900000000005,4.0,5.0,0.0,106.0,0.3157894736842105,-3.42
ethofumesate,2.0576,286.34900000000005,4.0,5.0,0.0,106.0,0.3157894736842105,-3.42
Ethoxyzolamide,1.3424,258.324,3.0,5.0,1.0,86.0,0.5625,-3.81
Ethyl acetate,0.5694,88.106,1.0,2.0,0.0,36.0,0.0,-0.04
Ethyl benzoate ,1.8633,150.177,2.0,2.0,0.0,58.0,0.5454545454545454,-2.32
Ethyl butyrate,2.1298000000000004,144.21399999999997,5.0,2.0,0.0,60.0,0.0,-1.28
ethyl cinnamate,2.2629,176.215,3.0,2.0,0.0,68.0,0.46153846153846156,-3.0
Ethyl decanoate,3.6902000000000026,200.32199999999997,9.0,2.0,0.0,84.0,0.0,-4.1
Ethyl formate,0.17930000000000001,74.07900000000001,2.0,2.0,0.0,30.0,0.0,0.15
Ethyl heptanoate,2.5199000000000007,158.24099999999999,6.0,2.0,0.0,66.0,0.0,-2.74
Ethyl hexanoate,2.1298000000000004,144.21399999999997,5.0,2.0,0.0,60.0,0.0,-2.35
Ethyl nonanoate,3.3001000000000023,186.295,8.0,2.0,0.0,78.0,0.0,-3.8
Ethyl octanoate,2.910000000000001,172.26799999999997,7.0,2.0,0.0,72.0,0.0,-3.39
Ethyl pentanoate,1.7397,130.18699999999998,4.0,2.0,0.0,54.0,0.0,-1.75
Ethyl propionate,0.9595,102.133,2.0,2.0,0.0,42.0,0.0,-0.66
Ethyl propyl ether,1.4329,88.14999999999999,3.0,1.0,0.0,38.0,0.0,-0.66
Ethyl vinyl ether,1.1664,72.10700000000001,2.0,1.0,0.0,30.0,0.0,-0.85
Ethylbenzene,2.2490000000000006,106.16799999999996,1.0,0.0,0.0,42.0,0.75,-2.77
Ethylcyclohexane,2.976700000000002,112.21600000000001,1.0,0.0,0.0,48.0,0.0,-4.25
Ethylene,0.8022,28.053999999999995,0.0,0.0,0.0,12.0,0.0,-0.4
Ethyl-p-aminobenzoate,1.4455,165.19199999999998,2.0,3.0,1.0,64.0,0.5,-2.1
Ethyl-p-hydroxybenzoate ,1.5689,166.176,2.0,3.0,1.0,64.0,0.5,-2.35
Ethyne,0.24939999999999998,26.037999999999997,0.0,0.0,0.0,10.0,0.0,0.29
Etofenprox,6.372000000000007,376.49600000000004,9.0,3.0,0.0,146.0,0.6428571428571429,-8.6
Etomidate,2.669100000000001,244.294,4.0,4.0,0.0,94.0,0.6111111111111112,-4.735
"Etoposide (148-167,25mg/ml)",1.338599999999999,588.5620000000001,5.0,13.0,3.0,226.0,0.2857142857142857,-3.571
eucalyptol,2.7441000000000013,154.253,0.0,1.0,0.0,64.0,0.0,-1.64
Eugenol,2.1293,164.204,3.0,2.0,1.0,64.0,0.5,-1.56
Fenarimol,4.0676000000000005,331.202,3.0,3.0,1.0,110.0,0.8181818181818182,-4.38
Fenfuram,2.840320000000001,201.22500000000002,2.0,2.0,1.0,76.0,0.7333333333333333,-3.3
Fenitrothion,2.7993200000000007,277.238,5.0,6.0,0.0,94.0,0.35294117647058826,-4.04
Fenothiocarb,3.2604000000000024,253.367,6.0,3.0,0.0,94.0,0.35294117647058826,-3.927
Fenoxycarb,3.6038000000000023,301.34200000000004,7.0,4.0,1.0,116.0,0.5454545454545454,-4.7
Fenpropathrin,5.268980000000004,349.43000000000006,5.0,4.0,0.0,134.0,0.46153846153846156,-6.025
fensulfothion,3.1003000000000016,308.36100000000005,7.0,5.0,0.0,102.0,0.3333333333333333,-2.3
Fenthion,3.6130200000000023,278.335,5.0,5.0,0.0,90.0,0.375,-4.57
Fenuron,1.7801,164.208,1.0,1.0,1.0,64.0,0.5,-1.6
fluconazole,0.7357999999999993,306.276,5.0,7.0,1.0,114.0,0.7272727272727273,-1.8
Flucythrinate,6.627980000000005,451.46900000000005,9.0,5.0,0.0,170.0,0.5454545454545454,-6.876
Flucytosine,-0.5088000000000001,129.09399999999997,0.0,3.0,2.0,48.0,0.6666666666666666,-0.972
Fludrocortisone,1.8737,380.45600000000013,2.0,5.0,3.0,150.0,0.0,-3.43
Flumethasone,1.8436999999999997,410.4570000000002,2.0,5.0,3.0,160.0,0.0,-5.6129999999999995
Flumetralin,5.340800000000003,421.7340000000001,6.0,5.0,0.0,150.0,0.42857142857142855,-6.78
Fluometuron,2.7989000000000006,232.20499999999996,1.0,1.0,1.0,88.0,0.375,-3.43
Fluoranthene,4.487200000000002,202.25599999999997,0.0,0.0,0.0,74.0,1.0,-6.0
Fluorene ,3.2578000000000014,166.22299999999998,0.0,0.0,0.0,62.0,0.9230769230769231,-5.0
Fluorobenzene,1.8256999999999999,96.10399999999998,0.0,0.0,0.0,36.0,0.8571428571428571,-1.8
Fluoromethalone,2.923300000000001,376.46800000000013,1.0,4.0,2.0,148.0,0.0,-4.099
Fluorometuron,2.7989000000000006,232.20499999999996,1.0,1.0,1.0,88.0,0.375,-3.32
Fluridone,4.738100000000002,329.32099999999997,2.0,2.0,0.0,122.0,0.75,-4.445
Flurochloridone,3.514400000000002,312.118,2.0,1.0,0.0,104.0,0.3157894736842105,-4.047
Flutriafol,2.492400000000001,301.296,4.0,4.0,1.0,112.0,0.7727272727272727,-3.37
Fluvalinate,7.395680000000005,502.9200000000002,8.0,5.0,1.0,182.0,0.5142857142857142,-8.003
Formetanate,1.6262,221.26,3.0,3.0,1.0,86.0,0.375,-2.34
Formothion,0.8516999999999999,257.27299999999997,6.0,6.0,0.0,82.0,0.0,-1.995
Fructose,-3.2197999999999998,180.156,2.0,6.0,5.0,72.0,0.0,0.64
Furane,1.2795999999999998,68.07499999999999,0.0,1.0,0.0,26.0,1.0,-0.82
Furfural,1.0920999999999998,96.08499999999998,1.0,2.0,0.0,36.0,0.7142857142857143,-0.1
gentisin,1.5528,262.261,1.0,5.0,2.0,100.0,0.0,-2.943
Glafenine,3.141800000000001,372.80800000000016,6.0,6.0,3.0,134.0,0.6153846153846154,-4.571000000000001
glucose,-3.2214000000000005,180.156,1.0,6.0,5.0,72.0,0.0,0.74
Glutethimide,1.771,217.268,2.0,2.0,1.0,84.0,0.375,-2.3369999999999997
Glycerol,-1.6681000000000001,92.09400000000001,2.0,3.0,3.0,38.0,0.0,1.12
Glyceryl triacetate,0.044299999999999784,218.20499999999998,5.0,6.0,0.0,86.0,0.0,-0.6
Griseofulvin,2.8103000000000007,352.7700000000001,3.0,6.0,0.0,128.0,0.25,-3.2460000000000004
Guaiacol,1.4008,124.13899999999997,1.0,2.0,1.0,48.0,0.6666666666666666,-1.96
guanine,-0.7716000000000003,151.129,0.0,4.0,3.0,56.0,0.8181818181818182,-3.583
halothane,2.5084999999999997,197.381,0.0,0.0,0.0,44.0,0.0,-1.71
hematein,1.3295999999999997,300.266,0.0,6.0,4.0,112.0,0.2727272727272727,-2.7
Heptachlor,5.2415,373.3209999999999,0.0,0.0,0.0,94.0,0.0,-6.317
Heptane,2.976700000000002,100.205,4.0,0.0,0.0,44.0,0.0,-4.53
"Hexachloro-1,3-butadiene",4.7574,260.762,1.0,0.0,0.0,58.0,0.0,-4.92
Hexachloroethane,3.7268,236.74,0.0,0.0,0.0,50.0,0.0,-3.67
hexacosane,10.388599999999993,366.7180000000002,23.0,0.0,0.0,158.0,0.0,-8.334
Hexadecane,6.487600000000007,226.44799999999992,13.0,0.0,0.0,98.0,0.0,-8.4
Hexamethylbenzene,3.5371200000000025,162.27599999999998,0.0,0.0,0.0,66.0,0.5,-5.23
Hexane ,2.5866000000000007,86.178,3.0,0.0,0.0,38.0,0.0,-3.84
Hexestrol,4.785200000000005,270.372,5.0,2.0,2.0,106.0,0.6,-4.43
Hexylbenzene ,3.809400000000003,162.276,5.0,0.0,0.0,66.0,0.5,-5.21
hydantoin,-1.1742,100.077,0.0,2.0,2.0,38.0,0.0,-0.4
hydrazobenzene,3.1256000000000013,184.242,3.0,2.0,2.0,70.0,0.8571428571428571,-2.92
hydrobenzoin,2.4536000000000007,214.264,3.0,2.0,2.0,82.0,0.75,-1.93
hydrochlorothiazide,-0.35129999999999945,297.745,1.0,5.0,3.0,94.0,0.35294117647058826,-2.63
Hydrocortisone ,1.7815999999999996,362.4660000000002,2.0,5.0,3.0,144.0,0.0,-3.09
Hydrocortisone 21-acetate,2.3524000000000003,404.5030000000002,3.0,6.0,2.0,160.0,0.0,-4.88
hydroxychlordene,3.995,354.8749999999999,0.0,1.0,1.0,94.0,0.0,-5.46
Hydroxyprogesterone-17a,3.8384000000000027,330.4680000000001,1.0,3.0,1.0,132.0,0.0,-3.8169999999999997
Hypoxanthine,-0.35380000000000006,136.114,0.0,3.0,2.0,50.0,0.9,-2.296
Indan,2.1753,118.17899999999997,0.0,0.0,0.0,46.0,0.6666666666666666,-3.04
Indapamide,2.0834,365.84200000000004,3.0,4.0,2.0,126.0,0.5,-3.5860000000000003
indazole,1.5629,118.13899999999998,0.0,1.0,1.0,44.0,1.0,-2.16
Indole,2.1678999999999995,117.15099999999997,0.0,0.0,1.0,44.0,1.0,-1.52
indoline,1.6545999999999998,119.16699999999999,0.0,1.0,1.0,46.0,0.6666666666666666,-1.04
Inosine,-1.8566000000000003,268.22900000000004,2.0,9.0,4.0,102.0,0.47368421052631576,-1.23
Iodobenzene,2.2912,204.01000000000002,0.0,0.0,0.0,36.0,0.8571428571428571,-3.01
Iodoethane,1.4413,155.966,0.0,0.0,0.0,20.0,0.0,-1.6
Iodofenphos,4.494100000000002,413.0,4.0,4.0,0.0,90.0,0.375,-6.62
Iodomethane,1.0512000000000001,141.939,0.0,0.0,0.0,14.0,0.0,-1.0
Ioxynil,2.4730799999999995,370.91499999999996,0.0,2.0,1.0,56.0,0.5454545454545454,-3.61
Ipazine,2.1914999999999996,243.74200000000002,5.0,5.0,1.0,90.0,0.375,-3.785
Isazofos,3.1887000000000016,313.747,7.0,7.0,0.0,104.0,0.2777777777777778,-3.658
Isobutyl acetate,1.2055,116.15999999999998,2.0,2.0,0.0,48.0,0.0,-1.21
Isobutyl formate,0.8154,102.13299999999998,3.0,2.0,0.0,42.0,0.0,-1.01
Isobutylbenzene,2.8851000000000013,134.22199999999998,2.0,0.0,0.0,54.0,0.6,-4.12
isocarbamid,0.37720000000000026,185.22699999999998,2.0,2.0,2.0,74.0,0.0,-2.15
Isocarboxazid,1.41762,231.25500000000002,4.0,4.0,2.0,88.0,0.6470588235294118,-2.461
Isofenphos,3.8896000000000033,345.4010000000002,8.0,5.0,1.0,124.0,0.2727272727272727,-4.194
isoguanine,-0.3593,151.129,0.0,5.0,3.0,56.0,0.8181818181818182,-3.4010000000000002
Isonazid,-0.3149000000000001,137.14200000000002,1.0,3.0,2.0,52.0,0.6,0.009000000000000001
Isopentyl acetate,1.5956000000000001,130.18699999999998,3.0,2.0,0.0,54.0,0.0,-1.92
Isopentyl formate,1.2055,116.15999999999998,4.0,2.0,0.0,48.0,0.0,-1.52
isophorone,2.3218000000000005,138.20999999999998,0.0,1.0,0.0,56.0,0.0,-1.06
Isoprocarb,2.528200000000001,193.24599999999998,2.0,2.0,1.0,76.0,0.42857142857142855,-2.863
Isopropalin,4.252800000000004,309.36600000000004,8.0,5.0,0.0,122.0,0.2727272727272727,-6.49
Isopropyl acetate,0.9579,102.133,1.0,2.0,0.0,42.0,0.0,-0.55
Isopropyl formate,0.5678,88.106,2.0,2.0,0.0,36.0,0.0,-0.63
Isopropylbenzene ,2.8100000000000014,120.19499999999995,1.0,0.0,0.0,48.0,0.6666666666666666,-3.27
Isoproturon,2.903500000000001,206.289,2.0,1.0,1.0,82.0,0.4,-3.536
Isoquinoline,2.2348,129.16199999999998,0.0,1.0,0.0,48.0,1.0,-1.45
karbutilate,2.6670000000000007,279.34,2.0,3.0,2.0,110.0,0.3,-2.93
kebuzone,2.966800000000001,322.36400000000003,5.0,3.0,0.0,122.0,0.5,-3.27
Kepone,4.6182,490.6390000000001,0.0,1.0,0.0,116.0,0.0,-5.2589999999999995
Khellin,2.8648200000000017,260.24499999999995,2.0,5.0,0.0,98.0,0.6842105263157895,-3.0210000000000004
Lactose,-5.397199999999993,342.297,4.0,11.0,8.0,136.0,0.0,-0.244
L-arabinose,-2.5823000000000005,150.13,0.0,5.0,4.0,60.0,0.0,0.39
Lenacil,1.5305,234.29899999999995,1.0,3.0,1.0,92.0,0.35294117647058826,-4.593999999999999
linalool,2.6698000000000013,154.253,4.0,1.0,1.0,64.0,0.0,-1.99
Lindane,3.644400000000001,290.832,0.0,0.0,0.0,72.0,0.0,-4.64
Linuron,3.0185000000000013,249.09699999999998,2.0,2.0,1.0,82.0,0.4,-3.592
Lorazepam,3.101300000000001,321.163,1.0,3.0,2.0,106.0,0.5714285714285714,-3.6039999999999996
Lovastatin,4.195500000000004,404.54700000000025,6.0,5.0,1.0,162.0,0.0,-6.005
Malathion,2.1218000000000004,330.3640000000001,9.0,8.0,0.0,112.0,0.0,-3.37
Malonic acid diethylester,0.5027,160.16899999999998,4.0,4.0,0.0,64.0,0.0,-0.82
Maltose,-5.397199999999993,342.297,4.0,11.0,8.0,136.0,0.0,0.358
mannitol,-3.5854000000000004,182.172,5.0,6.0,6.0,74.0,0.0,0.06
m-Chloroaniline,1.9222,127.574,0.0,1.0,1.0,42.0,0.75,-1.37
m-Chlorobromobenzene,3.102500000000001,191.45499999999998,0.0,0.0,0.0,42.0,0.75,-3.21
m-Chloroiodobenzene,2.9446000000000003,238.45499999999998,0.0,0.0,0.0,42.0,0.75,-3.55
m-Chloronitrobenzene ,2.2482000000000006,157.55599999999998,1.0,2.0,0.0,52.0,0.6,-2.77
Mebendazole,2.972200000000001,295.298,3.0,4.0,2.0,110.0,0.6818181818181818,-3.88
Mecarbam,2.6320000000000006,329.3800000000001,8.0,7.0,0.0,112.0,0.0,-2.5180000000000002
meconin,0.8497999999999999,196.20199999999997,2.0,4.0,0.0,76.0,0.0,-1.899
Medrogestone,5.279700000000005,340.5070000000001,1.0,2.0,0.0,136.0,0.0,-5.27
Mefenacet,3.3381000000000016,298.367,4.0,4.0,0.0,106.0,0.7142857142857143,-4.873
Mefluidide,2.52334,310.297,3.0,3.0,2.0,112.0,0.3,-3.24
megestrol acetate,4.575300000000004,384.5160000000002,2.0,4.0,0.0,152.0,0.0,-5.35
Menadione,2.0119000000000002,172.18299999999996,0.0,2.0,0.0,64.0,0.46153846153846156,-3.03
menthol,2.439500000000001,156.269,1.0,1.0,1.0,66.0,0.0,-2.53
Menthone,2.6477000000000013,154.253,1.0,1.0,0.0,64.0,0.0,-2.35
Meprobamate,0.9834000000000005,218.25299999999996,6.0,4.0,2.0,88.0,0.0,-1.807
mercaptobenzothiazole,2.585,167.25799999999998,0.0,3.0,1.0,50.0,0.9,-3.18
metalaxyl,1.8443399999999999,279.336,5.0,4.0,0.0,110.0,0.3,-1.601
Methane,0.6361,16.043,0.0,0.0,0.0,8.0,0.0,-0.9
Methanol,-0.3915,32.042,0.0,1.0,1.0,14.0,0.0,1.57
Methaqualone,3.0025400000000015,250.30100000000002,1.0,3.0,0.0,94.0,0.8421052631578947,-2.925
metharbital,0.5009999999999999,198.22199999999998,2.0,3.0,1.0,78.0,0.0,-2.23
Methazole,1.4359999999999997,261.064,1.0,5.0,0.0,84.0,0.6875,-2.82
Methocarbamol,0.5302000000000002,241.24299999999994,6.0,5.0,2.0,94.0,0.35294117647058826,-0.985
Methoprene,5.062000000000006,310.47800000000007,10.0,3.0,0.0,128.0,0.0,-5.19
Methoproptryne,1.8621999999999999,271.39,8.0,7.0,2.0,102.0,0.3333333333333333,-2.928
Methoxsalen,2.5478000000000005,216.19199999999995,1.0,4.0,0.0,80.0,0.8125,-3.6639999999999997
Methoxychlor,5.205900000000002,345.6529999999999,4.0,2.0,0.0,112.0,0.5714285714285714,-6.89
Methyl acetate,0.1792999999999999,74.07900000000001,0.0,2.0,0.0,30.0,0.0,0.46
Methyl acrylate,0.34539999999999993,86.09,1.0,2.0,0.0,34.0,0.0,-0.22
Methyl benzoate ,1.4732,136.14999999999998,1.0,2.0,0.0,52.0,0.6,-1.85
Methyl butyl ether ,1.4329,88.14999999999999,3.0,1.0,0.0,38.0,0.0,-0.99
Methyl butyrate,1.3496000000000001,116.15999999999998,3.0,2.0,0.0,48.0,0.0,-0.82
Methyl decanoate,3.3001000000000023,186.295,8.0,2.0,0.0,78.0,0.0,-4.69
Methyl formate,-0.2108000000000001,60.05200000000001,1.0,2.0,0.0,24.0,0.0,0.58
methyl gallate,0.5899999999999996,184.147,1.0,5.0,3.0,70.0,0.46153846153846156,-1.24
Methyl hexanoate,1.7397,130.18699999999998,4.0,2.0,0.0,54.0,0.0,-1.87
Methyl hydrazine,-0.9205000000000001,46.073,0.0,2.0,2.0,20.0,0.0,1.34
methyl laurate,4.080300000000003,214.34899999999996,10.0,2.0,0.0,90.0,0.0,-4.69
methyl nicotinate,0.8681999999999999,137.138,1.0,3.0,0.0,52.0,0.6,-0.46
Methyl nonanoate,2.910000000000001,172.268,7.0,2.0,0.0,72.0,0.0,-3.38
Methyl octanoate,2.5199000000000007,158.24099999999999,6.0,2.0,0.0,66.0,0.0,-3.17
Methyl pentanoate,1.3496000000000001,116.15999999999998,3.0,2.0,0.0,48.0,0.0,-1.36
Methyl propionate,0.5694,88.106,1.0,2.0,0.0,36.0,0.0,-0.14
Methyl propyl ether ,1.0428,74.12299999999999,2.0,1.0,0.0,32.0,0.0,-0.39
Methyl t-butyl ether ,1.4313,88.14999999999999,0.0,1.0,0.0,38.0,0.0,-0.24
Methylcyclohexane ,2.5866000000000007,98.18900000000001,0.0,0.0,0.0,42.0,0.0,-3.85
Methylcyclopentane,2.1965000000000003,84.162,0.0,0.0,0.0,36.0,0.0,-3.3
Methyldymron,3.767700000000003,268.36,3.0,1.0,1.0,104.0,0.6,-3.35
Methylparaben,1.1788,152.149,1.0,3.0,1.0,58.0,0.5454545454545454,-1.827
methyltestosterone acetate,4.840100000000005,344.4950000000001,1.0,3.0,0.0,138.0,0.0,-5.284
methylthiouracil,0.74091,142.18300000000002,0.0,2.0,2.0,48.0,0.6666666666666666,-2.436
Metolachlor,3.1641200000000014,283.7989999999999,6.0,2.0,0.0,106.0,0.3157894736842105,-2.73
Metolazone,2.7141199999999994,365.8420000000001,2.0,4.0,2.0,126.0,0.5,-3.78
Metolcarb,1.4048,151.165,1.0,2.0,1.0,58.0,0.5454545454545454,-1.8030000000000002
Metoxuron,2.4421,228.67899999999997,2.0,2.0,1.0,82.0,0.4,-2.5639999999999996
Metranidazole,0.09201999999999994,171.15599999999998,3.0,5.0,1.0,66.0,0.4166666666666667,-1.26
Metribuzin,0.3714999999999997,214.29399999999998,1.0,6.0,1.0,78.0,0.42857142857142855,-2.253
Metronidazole,0.09201999999999994,171.15599999999998,3.0,5.0,1.0,66.0,0.4166666666666667,-1.22
m-Fluorobromobenzene,2.5882000000000005,175.0,0.0,0.0,0.0,42.0,0.75,-2.67
Minoxidil,-0.1303000000000003,209.25299999999996,1.0,5.0,2.0,82.0,0.4,-1.989
Mirex,6.222999999999999,545.5460000000002,0.0,0.0,0.0,124.0,0.0,-6.8
m-Methylaniline,1.5772199999999998,107.156,0.0,1.0,1.0,42.0,0.75,-0.85
m-Nitroaniline,1.177,138.126,1.0,3.0,1.0,52.0,0.6,-2.19
m-Nitrophenol,1.3003999999999998,139.10999999999999,1.0,3.0,1.0,52.0,0.6,-1.01
m-Nitrotoluene,1.90322,137.138,1.0,2.0,0.0,52.0,0.6,-2.44
Monolinuron,2.365100000000001,214.652,2.0,2.0,1.0,76.0,0.42857142857142855,-2.57
Monotropitoside,-2.884799999999998,446.40500000000003,6.0,12.0,6.0,174.0,0.1935483870967742,-0.742
Monuron,2.4335000000000004,198.653,1.0,1.0,1.0,70.0,0.46153846153846156,-2.89
Morin,1.9879999999999995,302.23800000000006,1.0,7.0,5.0,112.0,0.7272727272727273,-3.083
m-Xylene ,2.30344,106.16799999999999,0.0,0.0,0.0,42.0,0.75,-2.82
"N,N-Diethylaniline",2.532800000000001,149.237,3.0,1.0,0.0,60.0,0.5454545454545454,-3.03
"N,N-Dimethylacetamide",0.0944999999999998,87.12199999999999,0.0,1.0,0.0,36.0,0.0,1.11
"N,N-Dimethylaniline",1.7526,121.18299999999995,1.0,1.0,0.0,48.0,0.6666666666666666,-1.92
Naled,3.651200000000001,380.784,5.0,4.0,0.0,80.0,0.0,-2.28
Napropamide,3.475500000000002,271.36,5.0,2.0,0.0,106.0,0.5,-3.57
Napthacene,5.146200000000003,228.29399999999998,0.0,0.0,0.0,84.0,1.0,-8.6
Napthalene,2.839800000000001,128.17399999999995,0.0,0.0,0.0,48.0,1.0,-3.6
Neburon,4.257200000000004,275.179,4.0,1.0,1.0,94.0,0.35294117647058826,-4.77
Nerol,2.6714000000000016,154.253,4.0,1.0,1.0,64.0,0.0,-2.46
N-Ethylaniline,2.1184,121.18299999999995,2.0,1.0,1.0,48.0,0.6666666666666666,-1.7
nevirapine,2.6512200000000004,266.30400000000003,1.0,4.0,1.0,100.0,0.6,-3.19
Niclosamide,3.8595000000000006,327.1230000000001,3.0,4.0,2.0,108.0,0.5714285714285714,-4.7
nicotinamide,0.18050000000000016,122.12699999999997,1.0,2.0,1.0,46.0,0.6666666666666666,0.61
nifedipine,2.1756,346.33900000000017,4.0,7.0,1.0,132.0,0.24,-4.76
nifuroxime,0.9959,156.09699999999998,2.0,5.0,1.0,58.0,0.45454545454545453,-2.19
Nimetazepam,2.4086000000000007,295.29800000000006,2.0,4.0,0.0,110.0,0.5454545454545454,-3.7960000000000003
Niridazole,0.5808999999999999,214.20600000000002,2.0,5.0,1.0,74.0,0.35714285714285715,-3.22
Nitramine,2.9502000000000006,322.243,5.0,6.0,1.0,122.0,0.2727272727272727,-3.5610000000000004
Nitrapyrin,3.5617,230.909,0.0,1.0,0.0,60.0,0.5454545454545454,-3.76
Nitrazepam,2.3842999999999996,281.271,2.0,4.0,1.0,104.0,0.5714285714285714,-3.7960000000000003
Nitrobenzene,1.5948,123.11099999999996,1.0,2.0,0.0,46.0,0.6666666666666666,-1.8
Nitroethane,0.2829999999999999,75.067,1.0,2.0,0.0,30.0,0.0,-0.22
Nitrofen,4.693900000000003,284.09799999999996,3.0,3.0,0.0,92.0,0.6666666666666666,-5.46
nitrofurantoin,0.07349999999999995,238.15899999999996,3.0,6.0,1.0,88.0,0.29411764705882354,-3.38
nitroglycerin,-1.0200999999999996,227.08499999999998,8.0,9.0,0.0,86.0,0.0,-2.22
Nitromethane,-0.10710000000000008,61.040000000000006,0.0,2.0,0.0,24.0,0.0,0.26
N-Methylaniline ,1.7283,107.15599999999998,1.0,1.0,1.0,42.0,0.75,-1.28
Nonane,3.7569000000000026,128.259,6.0,0.0,0.0,56.0,0.0,-5.88
norbormide,4.289400000000002,511.5810000000002,5.0,5.0,2.0,190.0,0.6153846153846154,-3.931
Norea,2.0822999999999996,222.33199999999994,1.0,1.0,1.0,90.0,0.0,-3.1710000000000003
norethindrone acetate,4.0633000000000035,340.4630000000001,1.0,3.0,0.0,134.0,0.0,-4.8
Norethisterone,2.607400000000001,314.42500000000007,0.0,3.0,2.0,124.0,0.0,-4.57
norflurazon,2.9464000000000006,303.67100000000005,2.0,4.0,1.0,106.0,0.6,-4.046
"O,P'-DDD",5.929000000000003,320.04600000000005,3.0,0.0,0.0,94.0,0.6666666666666666,-6.51
o-Aminophenol,0.9743999999999999,109.12799999999999,0.0,2.0,2.0,42.0,0.75,-0.72
o-Chloroaniline,1.9222,127.574,0.0,1.0,1.0,42.0,0.75,-1.52
o-Chlorobromobenzene,3.1025,191.45499999999998,0.0,0.0,0.0,42.0,0.75,-3.19
o-Chloroiodobenzene,2.9446000000000003,238.45499999999998,0.0,0.0,0.0,42.0,0.75,-3.54
o-Chloronitrobenzene,2.2481999999999998,157.55599999999998,1.0,2.0,0.0,52.0,0.6,-2.55
Octane,3.3668000000000022,114.232,5.0,0.0,0.0,50.0,0.0,-5.24
O-Ethyl carbamate,0.10160000000000013,89.09400000000001,1.0,2.0,1.0,36.0,0.0,0.85
o-Fluorobromobenzene,2.5882000000000005,175.0,0.0,0.0,0.0,42.0,0.75,-2.7
o-Hydroxybenzamide,0.49110000000000004,137.13799999999998,1.0,2.0,2.0,52.0,0.6,-1.82
o-Methoxyphenol,1.4008,124.13899999999997,1.0,2.0,1.0,48.0,0.6666666666666666,-1.96
o-Nitroaniline,1.177,138.126,1.0,3.0,1.0,52.0,0.6,-1.96
o-Nitroanisole,1.6033999999999997,153.13699999999997,2.0,3.0,0.0,58.0,0.5454545454545454,-1.96
o-Nitrophenol,1.3004000000000002,139.10999999999999,1.0,3.0,1.0,52.0,0.6,-1.74
o-Nitrotoluene,1.9032200000000001,137.138,1.0,2.0,0.0,52.0,0.6,-2.33
oryzalin,1.7768000000000002,346.3650000000001,8.0,7.0,1.0,128.0,0.2608695652173913,-5.16
osthole,3.3103000000000025,244.28999999999994,3.0,3.0,0.0,94.0,0.5555555555555556,-4.314
o-Toluidine,1.57722,107.156,0.0,1.0,1.0,42.0,0.75,-2.21
Oxadiazon,4.217000000000003,345.22600000000017,3.0,5.0,0.0,120.0,0.5,-5.696000000000001
Oxamyl,0.10709999999999997,219.266,1.0,5.0,1.0,80.0,0.0,0.106
Oxazepam,2.4478999999999997,286.718,1.0,3.0,2.0,100.0,0.6,-3.952
Oxycarboxin,1.3016,267.306,2.0,4.0,1.0,96.0,0.3333333333333333,-2.281
o-Xylene ,2.30344,106.16799999999999,0.0,0.0,0.0,42.0,0.75,-2.8
oxyphenbutazone,3.493400000000002,324.38000000000005,5.0,3.0,1.0,124.0,0.5,-3.73
"p,p'-Biphenyldiamine ",2.518,184.242,1.0,2.0,2.0,70.0,0.8571428571428571,-2.7
"P,P'-DDD",5.929000000000003,320.04600000000005,3.0,0.0,0.0,94.0,0.6666666666666666,-7.2
"P,P'-DDE",6.187900000000003,318.0300000000001,2.0,0.0,0.0,92.0,0.6666666666666666,-6.9
p-Aminophenol,0.9743999999999999,109.12799999999999,0.0,2.0,2.0,42.0,0.75,-0.8
parabanic acid,-1.6476000000000002,114.05999999999999,0.0,3.0,2.0,42.0,0.0,-0.4
Parathion,3.2711000000000023,291.26500000000004,7.0,6.0,0.0,100.0,0.3333333333333333,-4.66
p-benzidine,2.518,184.242,1.0,2.0,2.0,70.0,0.8571428571428571,-2.7
p-Bromoacetanilide,2.4074999999999998,214.06199999999998,1.0,1.0,1.0,58.0,0.5454545454545454,-3.083
p-Bromoiodobenzene,3.053700000000001,282.90599999999995,0.0,0.0,0.0,42.0,0.75,-4.56
p-Chloroacetanilide,2.2984,169.611,1.0,1.0,1.0,58.0,0.5454545454545454,-2.843
p-Chloroaniline,1.9222,127.574,0.0,1.0,1.0,42.0,0.75,-1.66
p-Chlorobromobenzene,3.102500000000001,191.45499999999998,0.0,0.0,0.0,42.0,0.75,-3.63
p-Chloroiodobenzene,2.944600000000001,238.45499999999998,0.0,0.0,0.0,42.0,0.75,-4.03
p-Chloronitrobenzene,2.2482000000000006,157.55599999999998,1.0,2.0,0.0,52.0,0.6,-2.92
p-Cresol,1.7006199999999998,108.13999999999999,0.0,1.0,1.0,42.0,0.75,-0.73
Pebulate,3.3716000000000026,203.35099999999997,6.0,2.0,0.0,78.0,0.0,-3.53
Pencycuron,5.316700000000004,328.84299999999996,4.0,1.0,1.0,120.0,0.5217391304347826,-5.915
Pentachlorobenzene,4.9536,250.339,0.0,0.0,0.0,60.0,0.5454545454545454,-5.65
Pentachloroethane,3.1603000000000003,202.29500000000002,0.0,0.0,0.0,44.0,0.0,-2.6
Pentachlorophenol,4.6592,266.33799999999997,0.0,1.0,1.0,66.0,0.5,-4.28
Pentamethylbenzene,3.2287000000000017,148.249,0.0,0.0,0.0,60.0,0.5454545454545454,-4.0
Pentane,2.1965000000000003,72.151,2.0,0.0,0.0,32.0,0.0,-3.18
Pentobarbital,1.1849999999999992,226.27599999999995,4.0,3.0,2.0,90.0,0.0,-2.39
Pentyl acetate,1.7397,130.18699999999998,4.0,2.0,0.0,54.0,0.0,-1.89
Pentyl propanoate,1.7397,130.18699999999998,4.0,2.0,0.0,54.0,0.0,-2.25
Pentylbenzene,3.4193000000000024,148.249,4.0,0.0,0.0,60.0,0.5454545454545454,-4.64
Pentylcyclopentane,3.7569000000000026,140.26999999999998,4.0,0.0,0.0,60.0,0.0,-6.08
Perfluidone,3.0893200000000016,379.38100000000003,4.0,4.0,1.0,130.0,0.5,-3.8
Permethrin,6.113300000000004,391.2940000000001,6.0,3.0,0.0,136.0,0.46153846153846156,-6.291
Perylene,5.737200000000003,252.31599999999997,0.0,0.0,0.0,92.0,1.0,-8.804
p-Fluoroacetanilide,1.7840999999999998,153.156,1.0,1.0,1.0,58.0,0.5454545454545454,-1.78
Phenacetin,2.0437,179.219,3.0,2.0,1.0,70.0,0.46153846153846156,-2.35
Phenanthrene,3.993000000000002,178.23399999999998,0.0,0.0,0.0,66.0,1.0,-5.26
phenanthridine,3.388000000000001,179.22199999999998,0.0,1.0,0.0,66.0,1.0,-2.78
Phenetole,2.0853,122.16699999999996,2.0,1.0,0.0,48.0,0.6666666666666666,-2.33
Phenmedipham,3.784220000000002,300.314,3.0,4.0,2.0,114.0,0.5454545454545454,-4.805
phenobarbital,0.7003999999999997,232.239,2.0,3.0,2.0,88.0,0.35294117647058826,-2.322
Phenol,1.3922,94.11299999999999,0.0,1.0,1.0,36.0,0.8571428571428571,0.0
phenolphthalein,3.560100000000002,318.32800000000003,2.0,4.0,2.0,118.0,0.75,-2.9
phenothrin,5.760500000000005,350.4580000000001,6.0,3.0,0.0,136.0,0.46153846153846156,-5.24
phenylbutazone,3.7878000000000025,308.38100000000003,5.0,2.0,0.0,118.0,0.5217391304347826,-3.81
Phenylhydrazine,0.9722000000000002,108.14399999999998,1.0,2.0,2.0,42.0,0.75,0.07
Phenylmethanol,1.1789,108.13999999999997,1.0,1.0,1.0,42.0,0.75,-0.4
Phenylthiourea,1.3421,152.22199999999998,1.0,1.0,2.0,52.0,0.6,-1.77
Phenytoin,1.7695999999999998,252.27300000000002,2.0,2.0,2.0,94.0,0.631578947368421,-4.0969999999999995
Phorate,3.727700000000003,260.38599999999997,8.0,5.0,0.0,80.0,0.0,-4.11
Phosalone,4.236100000000003,367.8160000000001,7.0,7.0,0.0,116.0,0.42857142857142855,-5.233
Phoxim,3.2283800000000014,298.304,7.0,6.0,0.0,102.0,0.3157894736842105,-4.862
phthalamide,0.0011999999999999234,149.149,0.0,2.0,1.0,56.0,0.0,-2.932
phthalimide,0.5702,147.13299999999998,0.0,2.0,1.0,54.0,0.5454545454545454,-2.61
Phthalonitrile,1.4299600000000001,128.13399999999996,0.0,2.0,0.0,46.0,0.6,-2.38
p-Hydroxyacetanilide,1.3505999999999998,151.165,1.0,2.0,2.0,58.0,0.5454545454545454,-1.03
p-Hydroxybenzaldehyde ,1.2047,122.12299999999998,1.0,2.0,1.0,46.0,0.6666666666666666,-0.96
Picene,6.299400000000004,278.354,0.0,0.0,0.0,102.0,1.0,-7.87
Piperine,2.997200000000001,285.343,3.0,3.0,0.0,110.0,0.2857142857142857,-3.46
piperonal,1.2278,150.13299999999998,1.0,3.0,0.0,56.0,0.5454545454545454,-1.63
Piperophos,4.198300000000004,353.4900000000001,9.0,5.0,0.0,124.0,0.0,-4.15
Pirimicarb,1.2198399999999998,238.29099999999997,2.0,5.0,0.0,94.0,0.35294117647058826,-1.95
piroxicam,1.5810000000000002,331.353,2.0,5.0,2.0,118.0,0.5217391304347826,-4.16
p-Methoxybenzaldehyde,1.5076999999999998,136.14999999999998,2.0,2.0,0.0,52.0,0.6,-1.49
p-Methylaniline ,1.5772199999999998,107.156,0.0,1.0,1.0,42.0,0.75,-1.21
p-Nitroaniline,1.177,138.126,1.0,3.0,1.0,52.0,0.6,-2.37
p-Nitroanisole,1.6033999999999997,153.13699999999997,2.0,3.0,0.0,58.0,0.5454545454545454,-2.41
p-Nitrophenol,1.3003999999999998,139.10999999999999,1.0,3.0,1.0,52.0,0.6,-0.74
p-Nitrotoluene,1.90322,137.138,1.0,2.0,0.0,52.0,0.6,-2.49
p-Phenylphenol,3.0592000000000015,170.211,1.0,1.0,1.0,64.0,0.9230769230769231,-3.48
Prasterone,3.8792000000000026,288.43100000000004,0.0,2.0,1.0,116.0,0.0,-4.12
Prednisolone,1.5575999999999999,360.4500000000002,2.0,5.0,3.0,142.0,0.0,-3.18
prednisolone acetate,2.1284,402.48700000000014,3.0,6.0,2.0,158.0,0.0,-4.37
pregnenolone,4.515300000000004,316.48500000000007,1.0,2.0,1.0,128.0,0.0,-4.65
Primidone,0.5378999999999994,218.256,2.0,2.0,2.0,84.0,0.375,-2.64
probarbital,0.40479999999999994,198.22199999999998,2.0,3.0,2.0,78.0,0.0,-2.21
Procymidone,3.2829000000000024,284.142,1.0,2.0,0.0,94.0,0.3333333333333333,-4.8
Progesterone,4.723500000000005,314.46900000000005,1.0,2.0,0.0,126.0,0.0,-4.42
Prometon,1.5208,225.296,5.0,6.0,2.0,90.0,0.375,-2.478
Prometryn,2.2340999999999998,241.364,5.0,6.0,2.0,90.0,0.375,-4.1
propachlor,2.666800000000001,211.69200000000004,3.0,1.0,0.0,76.0,0.42857142857142855,-2.48
Propane,1.4163,44.096999999999994,0.0,0.0,0.0,20.0,0.0,-1.94
Propanil,3.3419000000000016,218.08299999999997,2.0,1.0,1.0,70.0,0.46153846153846156,-3.0
Propazine,2.1655999999999995,229.71500000000003,4.0,5.0,2.0,84.0,0.4,-4.43
Propetamphos,2.3388,281.314,7.0,5.0,1.0,100.0,0.0,-3.408
Propiconazole,3.653400000000003,342.2260000000001,5.0,5.0,0.0,118.0,0.5,-3.4930000000000003
Propionaldehyde,0.5952999999999999,58.08,1.0,1.0,0.0,24.0,0.0,0.58
Propionitrile,0.91998,55.07999999999999,0.0,1.0,0.0,22.0,0.0,0.28
Propoxur,2.192,209.24499999999998,3.0,3.0,1.0,82.0,0.4,-2.05
Propyl acetate,0.9595,102.13299999999998,2.0,2.0,0.0,42.0,0.0,-0.72
Propyl butyrate,0.9595,102.13299999999998,2.0,2.0,0.0,42.0,0.0,-1.92
Propyl formate,0.5694,88.10599999999998,3.0,2.0,0.0,36.0,0.0,-0.49
Propyl propanoate,1.3496000000000001,116.15999999999998,3.0,2.0,0.0,48.0,0.0,-1.34
Propylbenzene ,2.639100000000001,120.19499999999995,2.0,0.0,0.0,48.0,0.6666666666666666,-3.37
Propylcyclopentane,2.976700000000002,112.21600000000001,2.0,0.0,0.0,48.0,0.0,-4.74
Propylene,1.1923000000000001,42.080999999999996,0.0,0.0,0.0,18.0,0.0,-1.08
Propylisopropylether,1.8214000000000001,102.17699999999998,3.0,1.0,0.0,44.0,0.0,-1.34
Propyne,0.6395,40.065000000000005,0.0,0.0,0.0,16.0,0.0,-0.41
p-t-Butylphenol,2.689700000000001,150.22099999999998,0.0,1.0,1.0,60.0,0.5454545454545454,-2.41
Pteridine,0.41979999999999984,132.12599999999998,0.0,4.0,0.0,48.0,1.0,0.02
p-terphenyl,5.0206000000000035,230.31,2.0,0.0,0.0,86.0,1.0,-7.11
p-Toluenesulfonamide ,0.6424200000000001,171.22099999999998,1.0,2.0,1.0,60.0,0.5454545454545454,-1.74
p-Xylene ,2.30344,106.16799999999999,0.0,0.0,0.0,42.0,0.75,-2.77
pyracarbolid,2.709500000000001,217.26800000000003,2.0,2.0,1.0,84.0,0.375,-2.56
Pyrazinamide,-0.4245000000000001,123.11499999999998,1.0,3.0,1.0,46.0,0.6666666666666666,-0.667
Pyrazon,1.4681,221.647,1.0,4.0,1.0,76.0,0.8,-2.878
Pyrene,4.584000000000002,202.25599999999997,0.0,0.0,0.0,74.0,1.0,-6.176
Pyridazine,0.4765999999999999,80.08999999999999,0.0,2.0,0.0,30.0,1.0,1.1
Pyridine,1.0816,79.10199999999998,0.0,1.0,0.0,30.0,1.0,0.76
Pyrimidine,0.4765999999999999,80.08999999999999,0.0,2.0,0.0,30.0,1.0,1.1
Pyrolan,2.2411200000000004,245.282,2.0,4.0,0.0,94.0,0.6111111111111112,-2.09
Quinethazone,0.8788,289.7440000000001,2.0,4.0,3.0,98.0,0.3333333333333333,-3.29
Quinoline,2.2348,129.16199999999998,0.0,1.0,0.0,48.0,1.0,-1.3
Quinonamid,2.8260000000000005,332.57000000000005,3.0,3.0,1.0,104.0,0.3,-5.03
Quintozene,4.8618,295.336,1.0,2.0,0.0,76.0,0.42857142857142855,-5.82
Raffinose,-7.571399999999989,504.43800000000005,8.0,16.0,11.0,200.0,0.0,-0.41
Reposal,1.4951999999999999,262.30899999999997,2.0,3.0,2.0,102.0,0.0,-2.696
Reverse Transcriptase inhibitor 1,2.2245999999999997,254.29299999999998,1.0,4.0,0.0,96.0,0.631578947368421,-2.62
rhodanine,0.13429999999999997,133.197,0.0,3.0,1.0,38.0,0.0,-1.77
Riboflavin,-1.7235599999999989,376.36900000000014,5.0,9.0,5.0,144.0,0.5185185185185185,-3.685
Risocaine,1.8356,179.21899999999997,3.0,3.0,1.0,70.0,0.46153846153846156,-2.452
Ronnel,4.542900000000002,321.549,4.0,4.0,0.0,90.0,0.375,-5.72
Rotenone,3.7033000000000023,394.42300000000023,3.0,6.0,0.0,150.0,0.41379310344827586,-4.42
Rovral,2.880000000000001,330.17100000000005,2.0,3.0,1.0,112.0,0.2857142857142857,-4.376
RTI 10,2.4639000000000006,226.235,0.0,3.0,0.0,84.0,0.7058823529411765,-3.6719999999999997
RTI 11,2.9595200000000013,254.28900000000002,0.0,3.0,1.0,96.0,0.631578947368421,-3.928
RTI 12,2.878000000000001,288.73800000000006,1.0,4.0,0.0,102.0,0.6,-4.114
RTI 13,3.5275200000000018,322.29,1.0,4.0,1.0,120.0,0.5217391304347826,-4.207
RTI 15,2.817140000000001,268.32,1.0,4.0,1.0,102.0,0.6,-4.553999999999999
RTI 16,2.759900000000001,270.361,1.0,4.0,0.0,96.0,0.631578947368421,-4.6339999999999995
RTI 17,3.3649000000000022,269.373,1.0,3.0,0.0,96.0,0.631578947368421,-4.706
RTI 19,3.4346000000000023,252.31699999999995,1.0,2.0,0.0,96.0,0.631578947368421,-4.749
RTI 2,2.614700000000001,268.32,2.0,4.0,0.0,102.0,0.6,-2.86
RTI 20,3.2071000000000023,255.29199999999997,2.0,1.0,0.0,96.0,0.631578947368421,-4.7989999999999995
RTI 22,3.1797200000000014,296.374,2.0,4.0,1.0,114.0,0.5454545454545454,-4.871
RTI 23,3.122320000000001,283.331,2.0,4.0,1.0,108.0,0.5714285714285714,-5.153
RTI 24,3.458700000000001,273.723,1.0,3.0,1.0,96.0,0.631578947368421,-5.36
RTI 3,2.35452,255.277,0.0,4.0,1.0,96.0,0.631578947368421,-3.043
RTI 5,2.829600000000001,253.30499999999995,1.0,3.0,0.0,96.0,0.631578947368421,-3.324
RTI 6,1.6287999999999996,313.36100000000005,4.0,6.0,2.0,120.0,0.5217391304347826,-3.36
RTI 7,3.2071000000000023,255.29199999999997,2.0,1.0,0.0,96.0,0.631578947368421,-3.535
RTI 9,3.4590000000000023,239.274,1.0,2.0,0.0,90.0,0.6666666666666666,-3.68
Salicin,-1.6424000000000003,286.28,4.0,7.0,5.0,112.0,0.3,-0.85
Salicylamide,0.49110000000000004,137.13799999999998,1.0,2.0,2.0,52.0,0.6,-1.8359999999999999
salicylanilide,2.6445,213.23600000000002,2.0,2.0,2.0,80.0,0.75,-3.59
Santonin,2.419600000000001,246.30599999999995,0.0,3.0,0.0,96.0,0.0,-3.09
Secobarbital,1.3510999999999993,238.28699999999995,5.0,3.0,2.0,94.0,0.0,-2.356
Siduron,3.386800000000001,232.32700000000003,2.0,1.0,2.0,92.0,0.35294117647058826,-4.11
simazine,1.3885999999999998,201.661,4.0,5.0,2.0,72.0,0.46153846153846156,-4.55
Simetryn,0.7254999999999998,213.31,3.0,6.0,0.0,78.0,0.42857142857142855,-2.676
Sorbitol,-3.5854000000000004,182.172,5.0,6.0,6.0,74.0,0.0,1.09
"Sparsomycin (3,8mg/ml)",-1.068879999999999,361.4450000000001,8.0,6.0,4.0,128.0,0.2608695652173913,-1.9809999999999999
Spironolactone,4.852300000000005,416.58300000000025,1.0,5.0,0.0,158.0,0.0,-4.173
stadacaine,3.8884000000000034,293.40700000000004,9.0,4.0,0.0,118.0,0.2857142857142857,-3.84
Stanolone,3.9591000000000034,290.44699999999995,0.0,2.0,1.0,118.0,0.0,-4.743
Stirofos,5.6015000000000015,365.96400000000006,5.0,4.0,0.0,106.0,0.3157894736842105,-4.522
Styrene,2.3296,104.15199999999997,1.0,0.0,0.0,40.0,0.75,-2.82
styrene oxide,1.7579,120.15099999999995,1.0,1.0,0.0,46.0,0.6666666666666666,-1.6
Succinimide,-0.577,99.089,0.0,2.0,1.0,38.0,0.0,0.3
Sucrose,-5.395599999999993,342.297,5.0,11.0,8.0,136.0,0.0,0.79
sulfaguanidine,-0.5594299999999999,214.25,2.0,4.0,4.0,76.0,0.42857142857142855,-1.99
Sulfallate,3.0988000000000016,223.79399999999998,4.0,2.0,0.0,70.0,0.0,-3.39
Sulfanilamide,-0.08379999999999999,172.20899999999997,1.0,3.0,2.0,60.0,0.5454545454545454,-1.34
Talbutal,0.9609999999999999,224.26,4.0,3.0,2.0,88.0,0.0,-2.016
t-Butylbenzene ,2.9841000000000015,134.22199999999998,0.0,0.0,0.0,54.0,0.6,-3.66
t-Crotonaldehyde,0.7614000000000001,70.09100000000001,1.0,1.0,0.0,28.0,0.0,0.32
TEFLUBENZURON,4.511700000000001,381.1120000000001,2.0,2.0,2.0,126.0,0.5,-7.28
Terbacil,1.2534200000000002,216.66799999999998,0.0,3.0,1.0,78.0,0.42857142857142855,-2.484
Terbufos,4.506300000000004,288.44,7.0,5.0,0.0,92.0,0.0,-4.755
Terbumeton,1.5223999999999998,225.296,4.0,6.0,2.0,90.0,0.375,-3.239
Terbutryn,2.2356999999999996,241.364,4.0,6.0,2.0,90.0,0.375,-4.0
Testosterone,3.879200000000003,288.431,0.0,2.0,1.0,116.0,0.0,-4.02
testosterone acetate,4.450000000000004,330.4680000000001,1.0,3.0,0.0,132.0,0.0,-5.184
testosterone propionate,4.840100000000005,344.4950000000001,2.0,3.0,0.0,138.0,0.0,-5.37
Tetrabromomethane,3.1773000000000002,331.62699999999995,0.0,0.0,0.0,32.0,0.0,-3.14
Tetrachloroethylene,3.0682,165.834,0.0,0.0,0.0,36.0,0.0,-2.54
tetrachloroguaiacol,4.014400000000001,261.919,1.0,2.0,1.0,72.0,0.46153846153846156,-4.02
Tetrachloromethane,2.5529,153.823,0.0,0.0,0.0,32.0,0.0,-2.31
Tetradecane,5.707400000000006,198.39399999999995,11.0,0.0,0.0,86.0,0.0,-7.96
Tetrafluthrin,5.551820000000002,418.7360000000001,4.0,2.0,0.0,150.0,0.2222222222222222,-7.321000000000001
Tetrahydrofurane ,0.7968,72.107,0.0,1.0,0.0,30.0,0.0,0.49
Tetrahydropyran ,1.1869,86.134,0.0,1.0,0.0,36.0,0.0,-0.03
tetramethylurea,0.22960000000000003,116.16399999999999,0.0,1.0,0.0,48.0,0.0,0.94
Thalidomide,0.08779999999999949,258.233,1.0,4.0,1.0,96.0,0.3157894736842105,-2.676
theobromine,-1.0397,180.16699999999997,0.0,5.0,1.0,68.0,0.6923076923076923,-2.523
Theophylline,-1.039700000000001,180.16699999999997,0.0,5.0,1.0,68.0,0.6923076923076923,-1.39
Thiamphenicol,0.40430000000000027,356.2270000000001,6.0,5.0,3.0,118.0,0.2857142857142857,-2.154
thiamylal,1.5159999999999998,254.35500000000002,5.0,3.0,2.0,94.0,0.0,-3.46
thioanisole,2.408500000000001,124.208,1.0,1.0,0.0,42.0,0.75,-2.39
thiofanox,2.1075,218.32199999999997,3.0,4.0,1.0,82.0,0.0,-1.62
Thiometon,2.990000000000001,246.35899999999998,7.0,5.0,0.0,74.0,0.0,-3.091
thiopental,1.3498999999999999,242.34400000000002,4.0,3.0,2.0,90.0,0.0,-3.36
Thiophene,1.7480999999999998,84.14299999999999,0.0,1.0,0.0,26.0,1.0,-1.33
Thiophenol ,1.9752999999999996,110.18099999999997,0.0,1.0,1.0,36.0,0.8571428571428571,-2.12
thiouracil,0.05860000000000004,128.15599999999998,0.0,3.0,2.0,42.0,0.75,-2.273
Thiourea,-0.8113000000000001,76.12400000000001,0.0,1.0,2.0,24.0,0.0,0.32
Thiram,2.0608,240.44400000000002,0.0,4.0,0.0,70.0,0.0,-3.9
thymine,-0.6283800000000002,126.115,0.0,2.0,2.0,48.0,0.6666666666666666,-1.506
Thymol,2.824020000000002,150.22099999999998,1.0,1.0,1.0,60.0,0.5454545454545454,-2.22
Toluene ,1.99502,92.14099999999999,0.0,0.0,0.0,36.0,0.8571428571428571,-2.21
t-Pentylbenzene,3.2752000000000017,148.249,1.0,0.0,0.0,60.0,0.5454545454545454,-4.15
"trans-1,4-Dimethylcyclohexane",2.832600000000001,112.216,0.0,0.0,0.0,48.0,0.0,-4.47
trans-2-Heptene ,2.752700000000001,98.18899999999998,3.0,0.0,0.0,42.0,0.0,-3.82
trans-2-Pentene ,1.9725,70.135,1.0,0.0,0.0,30.0,0.0,-2.54
Triadimefon,3.1243000000000016,293.754,4.0,5.0,0.0,106.0,0.55,-3.61
Triallate,4.843900000000003,304.66999999999996,4.0,2.0,0.0,94.0,0.0,-4.88
Triamcinolone,0.6204999999999998,394.43900000000014,2.0,6.0,4.0,154.0,0.0,-3.68
triamcinolone acetonide,2.4188000000000005,434.50400000000025,2.0,6.0,2.0,170.0,0.0,-4.31
triamcinolone diacetate,1.7620999999999996,478.51300000000026,4.0,8.0,2.0,186.0,0.0,-4.13
Triamterene,0.8334000000000001,253.26900000000003,1.0,7.0,3.0,94.0,0.8421052631578947,-2.404
Triazolam,4.233520000000003,343.2170000000001,1.0,4.0,0.0,114.0,0.7391304347826086,-4.09
Tribromomethane,2.4547,252.731,0.0,0.0,0.0,26.0,0.0,-1.91
Trichlomethiazide,0.8210000000000011,380.66200000000003,2.0,5.0,3.0,112.0,0.3,-2.68
Trichlorfon,2.1609000000000003,257.437,3.0,4.0,1.0,74.0,0.0,-0.22
trichlormethiazide,0.8210000000000011,380.66200000000003,2.0,5.0,3.0,112.0,0.3,-2.68
Trichloroacetonitrile,1.88018,144.388,0.0,1.0,0.0,34.0,0.0,-2.168
Trichloroethylene,2.5017000000000005,131.389,0.0,0.0,0.0,30.0,0.0,-1.96
Trichloromethane,1.9864,119.37800000000001,0.0,0.0,0.0,26.0,0.0,-1.17
Trichloronate,5.391500000000002,333.60400000000004,5.0,3.0,0.0,96.0,0.35294117647058826,-5.752000000000001
Triclosan,5.144700000000002,289.54499999999996,2.0,2.0,1.0,88.0,0.7058823529411765,-4.46
Tricresyl phosphate,6.256760000000005,368.3690000000001,6.0,4.0,0.0,134.0,0.6923076923076923,-6.01
Tricyclazole,2.25242,189.24300000000002,0.0,4.0,0.0,64.0,0.9230769230769231,-2.07
Trietazine,1.803,229.71499999999997,5.0,5.0,1.0,84.0,0.4,-4.06
Triethyl phosphate,2.2039999999999997,182.15599999999998,6.0,4.0,0.0,68.0,0.0,0.43
Trifluralin,4.148200000000004,335.28200000000004,7.0,5.0,0.0,128.0,0.2608695652173913,-5.68
triforine,2.431,430.9340000000001,6.0,4.0,2.0,124.0,0.0,-4.19
Trimazosin,1.2672999999999996,435.48100000000034,6.0,10.0,2.0,170.0,0.3225806451612903,-3.638
Triphenylene,5.146200000000003,228.29399999999998,0.0,0.0,0.0,84.0,1.0,-6.726
tubercidin,-1.3750000000000007,266.257,2.0,8.0,4.0,102.0,0.47368421052631576,-1.95
uracil,-0.9368000000000001,112.088,0.0,2.0,2.0,42.0,0.75,-1.4880000000000002
Urea,-0.9762,60.056,0.0,1.0,2.0,24.0,0.0,0.96
uric acid,-1.7672000000000003,168.112,0.0,3.0,4.0,62.0,0.75,-3.93
Valeraldehyde,1.3755,86.13399999999999,3.0,1.0,0.0,36.0,0.0,-0.85
vamidothion,1.9881999999999997,287.34299999999996,8.0,6.0,1.0,96.0,0.0,1.1440000000000001
Vinclozolin,3.4213000000000022,286.11400000000003,2.0,3.0,0.0,94.0,0.3333333333333333,-4.925
Warfarin,3.609600000000003,308.3330000000001,4.0,4.0,1.0,116.0,0.6956521739130435,-3.8930000000000002
Xipamide,2.5621400000000008,354.8150000000001,3.0,4.0,3.0,122.0,0.5217391304347826,-3.79
XMC,2.02164,179.219,1.0,2.0,1.0,70.0,0.46153846153846156,-2.5810000000000004
